ticker,price,vol_1y,vol_3y,pe_now,pe_hist_med,pe_hist_p25,pe_hist_p75,ma50,ma200,px_vs_ma50,px_vs_ma200,resistance,support,upside_to_resist,downside_to_support,hi_52w,lo_52w,ps_hist_med,ps_now,val_basis,fwd_growth,growth_1y,target_median,target_mean,target_upside,n_analysts,growth,pe_revert_full,exp_ret_none,exp_ret_half,exp_ret_full
AAPL,310.3399963378906,0.2503054676303156,0.268676034942283,32.535477,28.03608175896448,25.476833412182895,30.65112813551822,310.2930651855469,281.2350103759766,0.0001512478286154,0.1034899101751387,314.92840576171875,274.91290283203125,0.0147851049751008,-0.1141557450664116,339.78692626953125,225.955322265625,,,fwd_pe,0.0938658437372841,0.0809,335.0,324.45282,0.0794612488016535,39.0,0.0809,-0.13829197097788115,0.08089999999999997,0.006160104285004131,-0.06857979142999171
ABBV,264.5199890136719,0.2637156245211067,0.2458570408193041,16.24614,53.69184998904957,21.832472742233165,75.25777052223431,248.06460723876953,224.0369723510742,0.0663350647158769,0.1806979278364791,265.9700012207031,210.77859497070312,0.0054816734736682,-0.2031657200779298,265.9700012207031,195.98501586914065,,,fwd_pe,3.586484543405387,0.16209999,280.0,276.5862,0.0585211387768809,24.0,0.16209999,0.5,0.16209998999999997,0.4526249874999999,0.7431499850000001
ABNB,190.2100067138672,0.3430795308236669,0.3656601102028839,30.984732,36.98540197961812,27.765206756963053,64.85752939750644,154.7845004272461,136.51194999694823,0.2288698557597004,0.3933579200803987,190.2100067138672,137.57000732421875,0.0,-0.2767467406109436,190.2100067138672,111.54000091552734,,,fwd_pe,0.401559322830354,0.16149999,177.0,176.75641,-0.0694495885999257,40.0,0.16149999,0.19366538266711864,0.16149999000000004,0.2739711600156023,0.38644233003120454
ABT,116.66999816894533,0.2653635817103194,0.2257737857982183,19.237017,28.133771744721308,20.65101695225782,32.1978908374997,100.20677200317382,105.84403568267822,0.1642925506596506,0.1022822156812262,128.2073516845703,104.64248657226562,0.098888777720886,-0.103090012732006,133.5335235595703,81.97532653808594,,,fwd_pe,0.9627410008526788,0.098900005,120.0,120.2,0.0285420577982065,25.0,0.098900005,0.4624809940502368,0.09890000499999996,0.35301018833710507,0.6071203716742102
ADBE,276.2699890136719,0.3915705550882478,0.3583591093974516,10.049693,38.690796106229655,27.810701864019865,44.17228448691173,233.89719818115233,270.13349983215335,0.1811598905930544,0.0227165056734222,283.6199951171875,225.3500061035156,0.0266044318811331,-0.1843123934378422,367.4599914550781,193.41000366210935,,,fwd_pe,0.5726767971917153,0.1261,250.0,270.60587,-0.0950881024300176,35.0,0.1261,0.5,0.1261000000000001,0.4076250000000001,0.6891500000000002
ADI,371.1700134277344,0.3521945164823757,0.3511735401340054,22.7199,33.019285656156995,27.03774839711163,53.49654565777695,387.7898010253906,341.3899961090088,-0.0428577222859144,0.0872316636636785,445.4800109863281,302.2720642089844,0.200204744107276,-0.1856236946042092,445.4800109863281,223.0958709716797,,,fwd_pe,0.937933485622736,0.2718,461.0,470.25,0.2420184371649281,30.0,0.2718,0.4533200258873058,0.27180000000000004,0.5600662044617377,0.8483324089234756
ADP,283.010009765625,0.2710397347343736,0.2171316217537034,21.122608,26.278658018007384,25.12605692669477,28.542411972382265,250.6283999633789,233.36093803405765,0.129201677890365,0.2127565656439098,299.62353515625,243.58445739746097,0.0587029603807423,-0.1393079785439899,299.62353515625,187.36843872070312,,,fwd_pe,0.2236018866609652,0.093100004,286.0,287.26666,0.0105649628324142,18.0,0.093100004,0.24410101337900048,0.09310000400000007,0.2265134133504949,0.3599268227009895
ADSK,254.4199981689453,0.3610622499329905,0.3082940933292691,17.880825,52.13309287049442,49.05517110000931,56.81596686689621,220.74539978027343,249.2188498687744,0.1525494910525477,0.020869802998086,264.1199951171875,218.63999938964844,0.0381259217752254,-0.140633594201732,326.7900085449219,187.72000122070312,,,fwd_pe,1.0771751303421402,0.1296,307.5,314.57352,0.2086314056012506,35.0,0.1296,0.5,0.12959999999999994,0.4119999999999999,0.6943999999999999
AEP,121.9800033569336,0.1914907389512301,0.1950818362066293,17.79909,16.773137506448997,15.35509985846442,18.0189704516307,129.9186541748047,125.0390581893921,-0.0611047802818961,-0.0244647942551283,135.13232421875,111.1484832763672,0.1078235817335613,-0.0887975060049112,137.64207458496094,103.23735809326172,,,fwd_pe,0.187722686946355,0.0749,142.5,144.0,0.1682242669154674,19.0,0.0749,-0.05764072733780223,0.07489999999999997,0.04392099109229819,0.012941982184596412
ALAB,277.5299987792969,0.977442010646534,0.9441623460612204,43.408287,99.82377036673124,72.33606713717101,138.26639456827132,349.12089874267576,219.2878998184204,-0.2050604825468953,0.2655965012620549,483.0199890136719,139.2899932861328,0.7404244266861724,-0.4981083345988054,483.0199890136719,100.2699966430664,,,fwd_pe,2.165088730638,0.5856,425.0,389.9527,0.5313659851884238,23.0,0.5,0.5,0.5,0.875,1.25
AMAT,484.19000244140625,0.5901525048593956,0.48648824468449,26.398993,17.758042685052967,14.693627236982318,20.92060492433965,558.7757861328125,395.9426664733886,-0.1334807011012434,0.2228790767967126,722.2277221679688,322.37408447265625,0.4916204765202032,-0.3341992134344657,722.2277221679688,155.39053344726562,,,fwd_pe,0.5852402779151462,0.4338,650.0,641.02856,0.3424482057096152,34.0,0.4338,-0.32732120937139664,0.43379999999999996,0.19914342500164572,-0.035513149996708515
AMD,456.7449951171875,0.7162154504985073,0.5818204548147996,29.494118,136.48143150692894,81.20471882370282,170.43499755859375,509.6001007080078,330.89672538757327,-0.1037187895320008,0.3803249173354932,580.9099731445312,198.11000061035156,0.2718474846024019,-0.5662568769702176,580.9099731445312,151.13999938964844,,,fwd_pe,2.940450092455723,1.0481,605.0,613.0917,0.3245903216624728,46.0,0.5,0.5,0.5,0.875,1.25
AMGN,443.8399963378906,0.2759630041701108,0.2630309180230314,18.19196,19.560736296084585,17.740449976271385,25.909463772968433,378.64421325683594,348.937014465332,0.1721821720719976,0.2719773997550136,443.8399963378906,319.5552978515625,0.0,-0.2800214030096366,443.8399963378906,263.86041259765625,,,fwd_pe,0.5172631206313119,0.0589,395.0,388.48276,-0.11003964658631,33.0,0.0589,0.07524072700712758,0.05889999999999995,0.0987362029139236,0.13857240582784724
AMZN,262.07000732421875,0.3443302380685691,0.3223164294331614,25.222055,33.020942629948365,31.093150908933623,37.800424489816194,250.1399996948242,238.3897499847412,0.0476933223153008,0.0993342093818767,274.989990234375,227.0099945068359,0.0492997388067089,-0.1337810960336581,284.0199890136719,198.7899932861328,,,fwd_pe,-0.1647500173954897,-0.1671,325.0,327.004,0.2401266490519371,53.0,-0.1671,0.3092090485865788,-0.16710000000000003,-0.038329891716119224,0.09044021656776158
ANET,188.1499938964844,0.5426596350407852,0.5047481494650676,36.466286,30.6733035371231,26.99531581976933,38.820627665840455,177.9906005859375,149.23684970855712,0.057078257374842,0.2607475584208611,210.5,136.42999267578125,0.1187882371966062,-0.2748870736034051,210.5,116.12999725341795,,,fwd_pe,0.6276214693210054,0.2545,248.0,241.81519,0.3180973055807998,27.0,0.2545,-0.15885858139973175,0.25449999999999995,0.15485595481701808,0.05521190963403644
APP,298.5899963378906,0.7433282307753827,0.7616046365090327,14.220745,31.43433789243753,17.225757578383075,40.76785749318648,423.6527990722656,498.6244760131836,-0.2952011718280707,-0.401172604431083,517.22998046875,298.5899963378906,0.7322414910492909,0.0,733.5999755859375,298.5899963378906,,,fwd_pe,0.615137744189914,0.2683,560.0,526.3871,0.8754814523869461,26.0,0.2683,0.5,0.2683,0.585375,0.90245
ARM,238.77999877929688,0.7596851420563857,0.7695886725144594,78.01127,189.0941126206342,163.0705889533548,228.91803178630892,300.29459869384766,197.5291749191284,-0.2048475070218139,0.208834081735304,439.4599914550781,104.5500030517578,0.8404388713531603,-0.5621492437128587,439.4599914550781,104.5500030517578,,,fwd_pe,2.1555049674232967,0.3734,272.0,285.72308,0.1391238855454062,39.0,0.3734,0.5,0.37339999999999995,0.71675,1.0600999999999998
AVGO,358.760009765625,0.4817612210294998,0.4997225662035312,18.394054,26.87799720926094,19.29072887997244,73.45300720178955,387.9047534179688,368.34061950683594,-0.0751337625938813,-0.0260101906600423,410.6685791015625,338.0853576660156,0.1446888391207508,-0.0576280843372591,480.8090515136719,291.86151123046875,,,fwd_pe,2.24527937125769,0.67730004,527.5,526.30005,0.4703422500869354,47.0,0.5,0.4612329184888193,0.5,0.8459246888666143,1.191849377733229
AXON,597.5900268554688,0.6053527820617431,0.5209639402667134,56.59334,75.61250050862631,61.21614456176758,89.22839440201838,543.4860028076172,506.22000137329104,0.0995499861419675,0.1804946964448381,640.4600219726562,519.6099853515625,0.0717381368339935,-0.1304908683202744,781.9000244140625,345.94000244140625,,,fwd_pe,3.41814637552758,0.36900002,700.0,693.40424,0.1713716235918705,20.0,0.36900002,0.3360671151168373,0.3690000200000001,0.5990379636581464,0.8290759073162928
AZN,166.7100067138672,0.2822354827702624,0.2442266172331248,14.675177,33.220955742730034,27.642248311174026,47.86822965359801,171.83899963378906,183.6369603729248,-0.0298476651450043,-0.0921761807899828,169.96803283691406,160.62542724609375,0.0195430747515881,-0.0364979858600612,208.6199951171875,145.54266357421875,,,fwd_pe,0.7031483163712438,0.13,215.5,213.99,0.2926638553249747,3.0,0.13,0.5,0.1299999999999999,0.41249999999999987,0.6949999999999998
BAC,62.33000183105469,0.2131083123470272,0.2444450057854878,11.770749,10.653972258457744,9.44629627335408,12.062927418455525,60.66499977111816,54.1091884803772,0.0274458430102757,0.1519300802978922,64.80999755859375,50.19034957885742,0.0397881542545286,-0.1947641889230448,64.80999755859375,46.47850799560547,,,fwd_pe,0.2229399335590283,0.13260001,68.5,68.77273,0.0989892184773084,19.0,0.13260001,-0.09487728788900829,0.13260001,0.07887100139406811,0.025141992788136225
BE,204.02000427246097,1.1500628254299932,0.969607067786605,,,2.7788668651981316,5.10026919659448,241.33440093994145,186.94935070037843,-0.1546169817570539,0.0913116494287344,345.8500061035156,119.51000213623048,0.69517693785383,-0.4142240974731604,345.8500061035156,48.540000915527344,3.688534210497674,19.301825,psr,5.3443768372364,0.8018,288.5,275.08463,0.4140770216567551,28.0,0.5,-0.5,0.5,0.125,-0.25
BKNG,213.36000061035156,0.3616384568458669,0.3013593430953619,17.239275,25.517702508825664,22.0453186782499,29.388091238309503,189.0514001464844,185.1832685089111,0.1285819647198165,0.1521559281695286,218.63475036621097,182.0997009277344,0.0247222991224693,-0.1465143400505808,226.91586303710935,153.74349975585938,,,fwd_pe,0.3766842283100653,0.1846,240.0,237.80556,0.1248593893580816,32.0,0.1846,0.4802074048256475,0.1846000000000001,0.4690268458782312,0.7534536917564623
BKR,61.98500061035156,0.3268404429166591,0.3152108474952123,19.610603,14.645080666267436,11.877611659517225,16.96915479806753,59.1873656463623,57.44312353134155,0.0472674350925637,0.0790673765595617,64.8041000366211,58.75663757324219,0.0454803484473749,-0.0520829717725328,69.18328857421875,43.74596405029297,,,fwd_pe,0.0163312163323074,0.2028,73.0,71.91304,0.1777042716977712,11.0,0.2028,-0.25320599951631084,0.2028000000000001,0.050521911890890614,-0.10175617621821864
BRK-B,504.3200073242187,0.1470409807498275,0.1590514023020193,22.724754,10.106941752582529,8.000394905944807,15.478456869500352,500.76379821777346,492.2071495056152,0.0071015698800549,0.0246092683350291,508.0899963378906,490.4299926757813,0.0074753905435447,-0.0275420654479564,529.4199829101562,465.3999938964844,,,fwd_pe,-0.4418375222015605,-0.0027,529.0,547.6667,0.048937167507445,3.0,-0.0027,-0.5,-0.0027000000000000357,-0.25202500000000005,-0.50135
CAT,811.02001953125,0.3983229141514517,0.3230065892266434,25.123617,15.216086243730436,13.18348100283324,17.539820249388818,902.9595764160156,760.1666397094726,-0.1018202356850654,0.0668976737011413,1062.92822265625,664.92822265625,0.3106066398590221,-0.1801334040551028,1062.92822265625,411.4165954589844,,,fwd_pe,0.3926308063046815,0.1823,980.5,979.2196,0.2089713895924607,27.0,0.1823,-0.39435128931752006,0.1822999999999999,-0.05082076468005203,-0.283941529360104
CDNS,315.9200134277344,0.3940516519670867,0.3711063898619285,33.13048,65.12841518075808,53.74700671042653,76.44934716162743,352.49140075683596,326.98850021362307,-0.1037511475473699,-0.0338497738564432,338.05999755859375,300.5799865722656,0.0700809799627455,-0.048556679550084,416.3900146484375,265.6600036621094,,,fwd_pe,0.8919902458400844,0.1711,405.0,403.93927,0.2819700645291418,25.0,0.1711,0.5,0.17110000000000003,0.46387500000000004,0.75665
CEG,273.42999267578125,0.4702089596605071,0.5298622559022038,20.56692,20.77872797477898,16.108966490608207,37.53304661931218,263.2871868896484,298.42368408203123,0.0385237348841589,-0.0837523720113972,321.78460693359375,271.7394104003906,0.1768445874741651,-0.0061828706457789,401.7044372558594,236.1370086669922,,,fwd_pe,0.2995747540224789,0.0964,341.5,347.404,0.2489485760434939,20.0,0.0964,0.010298478079312945,0.09640000000000004,0.10204562568307929,0.10769125136615876
CIEN,371.9500122070313,0.7382621703031848,0.57143727010071,38.467464,73.33499908447266,39.37750053405762,88.7543630116368,420.0852001953125,369.635599899292,-0.114584346141929,0.0062613349698183,627.0,89.80999755859375,0.6857103896289303,-0.7585428293826629,627.0,89.80999755859375,,,fwd_pe,2.212362374603119,0.4772,550.0,557.28564,0.4786933242359037,19.0,0.4772,0.5,0.47720000000000007,0.8465,1.2158000000000002
COHR,275.489990234375,0.8423581418001321,0.706198284316763,19.749887,45.87864181370411,27.565533906510733,66.06431979577518,327.81220092773435,270.5671003723144,-0.1596103212305196,0.0181947097606709,298.9100036621094,219.6499938964844,0.0850122119058105,-0.2026933765919566,426.8900146484375,87.80000305175781,,,fwd_pe,2.393902456252028,0.48299998,420.0,416.09348,0.5245562992785404,18.0,0.48299998,0.5,0.48299998,0.8537499749999999,1.22449997
COP,133.35000610351562,0.3064890407435731,0.2898417633451235,14.003015,12.317647786593067,8.074569702148438,13.672625728514376,115.39266204833984,109.24132709503174,0.1556194625933247,0.2206919272182692,134.88999938964844,112.2811050415039,0.011548505554153,-0.1579970011074207,134.88999938964844,83.04198455810547,,,fwd_pe,0.2579855124057213,-0.0887,145.5,144.29167,0.0911135608576778,19.0,-0.0887,-0.1203574525491069,-0.0887,-0.14354087325400056,-0.1983817465080011
COST,971.4000244140624,0.1985764925135849,0.2027082791978963,42.869,38.65232514984815,34.00362305721994,49.34789964395241,947.29703125,956.8923669433592,0.0254439656928486,0.0151612218593044,1015.389892578125,962.7999267578124,0.0452850185901494,-0.0088533018736924,1092.5828857421875,846.2650146484375,,,fwd_pe,0.1386799318855116,0.1011,1100.0,1077.3143,0.1323862181942063,34.0,0.1011,-0.09836186638717592,0.10109999999999997,0.046946874460540355,-0.007206251078919479
CPRT,33.2599983215332,0.2983233182669707,0.2596737993405933,19.78125,32.16814024258504,27.439746735370264,35.32162611402056,29.570600090026858,34.81735010147095,0.1247657545086702,-0.0447291874711611,34.400001525878906,32.43000030517578,0.0342755039650028,-0.0249548424005802,49.970001220703125,27.170000076293945,,,fwd_pe,0.0443416872037916,0.0618,41.0,40.3,0.2327120285347628,13.0,0.0618,0.5,0.06180000000000008,0.32725000000000004,0.5927000000000002
CRWD,190.67999267578125,0.4879888708561783,0.4706706515279624,,,15.676024438876452,23.224699470981328,193.49924896240233,139.0768249130249,-0.0145698564812976,0.3710407380599008,195.54249572753903,92.3949966430664,0.0255008560862788,-0.5154447231379523,225.52999877929688,87.5625,20.13019775836065,38.11426,psr,,0.2711,223.5,210.535,0.172120875733531,53.0,0.2711,-0.47184602932444053,0.2711000000000001,-0.028781743937148052,-0.32866348787429633
CRWV,86.25,0.9665815725903022,1.14076404700443,,,6.70018830141899,11.918724446493634,89.72600021362305,91.80657497406006,-0.0387401667894173,-0.0605248041943625,108.86000061035156,69.1500015258789,0.2621449346127718,-0.1982608518738677,143.0800018310547,60.81999969482422,9.442150432745889,6.2674613,psr,,0.5258,150.0,144.17143,0.7391304347826086,19.0,0.5,0.5,0.5,0.875,1.25
CSCO,110.2300033569336,0.3379466987199525,0.2612164599873104,19.871323,17.688360739880657,14.983555548354158,19.559879002608653,115.8804328918457,92.55569889068605,-0.0487608597405379,0.190958576058315,129.51548767089844,109.66000366210938,0.1749567606517883,-0.0051710031521863,129.51548767089844,65.18035888671875,,,fwd_pe,0.6658228543715985,0.082100004,135.0,136.27274,0.2247119285922469,24.0,0.082100004,-0.1098549029734629,0.08210000399999995,0.022663008526498052,-0.036773986947003845
CSX,51.439998626708984,0.2289276105366824,0.2224289678991234,22.64573,17.775365618815172,16.01088317664894,19.656770793082,49.47139999389648,42.33153463363647,0.0397926606697076,0.2151697091046389,53.22999954223633,38.0533447265625,0.034797841433027,-0.260238224291005,53.22999954223633,31.729881286621097,,,fwd_pe,0.3206452165595896,0.1325,54.0,53.14088,0.0497667465325668,25.0,0.1325,-0.2150676697631222,0.13250000000000006,0.01071793199663218,-0.11106413600673581
CTAS,207.3999938964844,0.2322021443103724,0.2255921943388799,33.93208,38.01888080421056,32.9520092420901,43.35194693121992,191.3657843017578,185.13708045959473,0.0837882783133416,0.1202509696146387,215.9689788818359,180.2278289794922,0.0413162258318504,-0.1310133351814567,215.9689788818359,162.6839141845703,,,fwd_pe,0.2448492989524957,0.11359999,219.5,216.3125,0.0583414004802471,13.0,0.11359999,0.1204406215065672,0.11359998999999998,0.18066132745265362,0.24772266490530703
CVX,203.08999633789065,0.2346037364646711,0.2293103258671405,15.360609,13.282721473646532,8.671689398700872,15.519249292067538,184.54673461914064,175.6784236907959,0.100480031559587,0.1560326650889163,207.42335510253903,178.41455078125,0.0213371354709113,-0.1215000541709937,207.42335510253903,142.76339721679688,,,fwd_pe,0.2725197939743145,-0.169,221.0,218.08333,0.0881875226995998,24.0,-0.169,-0.1352737724365921,-0.16900000000000004,-0.2252062524474041,-0.28141250489480807
DASH,229.05999755859375,0.4684039602421114,0.4183118077890007,28.12913,101.98826319734816,90.25000272222528,115.852114180444,193.0274008178711,187.46940017700192,0.1866708901847609,0.2218527255238638,234.88999938964844,187.72999572753903,0.0254518549427791,-0.180433084220576,281.739990234375,146.60000610351562,,,fwd_pe,3.2858733988573414,0.3831,255.0,252.29762,0.1132454497419208,36.0,0.3831,0.5,0.3831,0.7288749999999999,1.07465
DDOG,225.77000427246097,0.688972487867477,0.5382921815215411,76.056015,237.57692483755255,225.6009578704834,248.84374325092023,249.2524008178711,174.61047538757325,-0.0942113153909749,0.2929923234635936,277.489990234375,220.57000732421875,0.2290826282640186,-0.0230322755451906,288.1499938964844,102.61499786376952,,,fwd_pe,5.058102044920445,0.17459999,295.0,285.1802,0.3066394756497048,46.0,0.17459999,0.5,0.17459998999999993,0.4682499874999999,0.7618999849999999
DE,648.6400146484375,0.315358456279304,0.2824370749642612,28.880468,14.60249399401478,12.130818077603951,17.74854692806493,606.5230932617187,557.6730558776856,0.0694399304076374,0.1631187983926978,658.8502807617188,552.4481201171875,0.0157410364496479,-0.1482978113574845,658.8502807617188,435.192138671875,,,fwd_pe,0.2477483744376993,0.2401,671.0,661.93866,0.0344721029332142,21.0,0.2401,-0.49438167019956947,0.24009999999999998,-0.06644135460724299,-0.37298270921448606
DHR,215.11000061035156,0.3155988772846219,0.2864625722808149,23.13685,36.59130889590424,28.87944607151713,44.03257460134466,196.05062927246092,202.36165740966797,0.0972165782309371,0.0629978196653895,241.03509521484375,180.131103515625,0.1205201735434544,-0.1626093486842903,241.03509521484375,161.57479858398438,,,fwd_pe,0.660230411659323,0.0926,230.0,227.95651,0.0692203958318984,25.0,0.0926,0.5,0.09260000000000002,0.36575,0.6389
DUK,121.97000122070312,0.1600971778486675,0.1690273683408117,17.005655,21.6044409800384,17.83325862877375,24.69534254343496,124.57863540649414,122.29145374298096,-0.0209396593346777,-0.0026285771608655,124.65519714355467,118.8450927734375,0.022015216003751,-0.0256203034843882,131.1634063720703,111.09210205078124,,,fwd_pe,0.0801687438678486,0.0688,136.5,137.27779,0.1191276431407508,21.0,0.0688,0.27042686565371343,0.06879999999999997,0.21331611700534459,0.357832234010689
DXCM,91.05999755859376,0.4230594172983223,0.4764560845725611,29.144236,84.36538402850812,46.42253526499574,97.51056241317534,77.94460037231445,69.4706000328064,0.1682656287110533,0.3107702757078836,92.33999633789062,67.3499984741211,0.0140566529059398,-0.2603777698238586,92.33999633789062,54.84000015258789,,,fwd_pe,0.2349644711908041,0.1736,94.0,94.12,0.0322864322450093,25.0,0.1736,0.5,0.17359999999999998,0.4670000000000001,0.7604
EQIX,1055.199951171875,0.2441539797124834,0.2568780671677431,56.44936,73.00033791335778,63.3471824727396,85.82204518646209,1048.397491455078,941.0602508544922,0.0064884357051977,0.1212884087004448,1104.5235595703125,994.0901489257812,0.0467433763085944,-0.0579130070829011,1110.6331787109375,715.1826782226562,,,fwd_pe,0.2021131860485221,0.045300003,1235.0,1234.5518,0.1703942922177395,7.0,0.045300003,0.29320045281926643,0.04530000299999992,0.19854122010579012,0.35178243721158053
EXC,44.34000015258789,0.1923732408184007,0.1990322928622286,14.593687,15.569978443486947,14.87272177695133,16.452506469143984,46.19139999389648,45.55814445495606,-0.0400810506187997,-0.0267382334584008,46.28467559814453,42.9758415222168,0.0438582642955436,-0.0307658688695668,49.82146072387695,41.60917663574219,,,fwd_pe,0.1170220383649449,0.0636,48.0,48.88235,0.0825439746237459,19.0,0.0636,0.06689820355109366,0.0636000000000001,0.09917646464847163,0.13475292929694338
FANG,205.6000061035156,0.3228906002985084,0.3272829735795214,11.368267,8.716127864217263,5.686039248407977,12.72643310979191,191.7591467285156,176.40448150634765,0.0721783529554149,0.1655033043824196,209.4365997314453,178.302001953125,0.0186604742900544,-0.1327723897860518,211.35714721679688,131.3657989501953,,,fwd_pe,2.444844055826627,-0.1028,225.0,232.17857,0.0943579441661925,25.0,-0.1028,-0.2332931779120544,-0.1028,-0.20745531961134756,-0.3121106392226952
FAST,51.279998779296875,0.2554070200697416,0.2403118939977625,36.63485,29.930204108209892,25.10570771623366,35.5453570917112,47.872013854980466,44.55035791397095,0.0711895040522063,0.1510569427594994,52.380001068115234,44.515716552734375,0.0214509031786962,-0.1319087829092036,52.380001068115234,38.516868591308594,,,fwd_pe,0.1963761281948746,0.1087,47.0,48.53077,-0.0834633167156944,15.0,0.1087,-0.18301278405098176,0.10870000000000002,0.007246863161338268,-0.09420627367732348
FCX,77.80000305175781,0.5077850788002928,0.4387668213594208,18.869617,27.807459784181496,19.887815259989335,31.305039321121416,64.84015434265137,59.125011463165286,0.1998738103030939,0.3158560332834268,77.80000305175781,57.36077499389648,0.0,-0.2627150032920149,77.80000305175781,34.96412658691406,,,fwd_pe,1.021093326907483,0.3737,75.0,71.72727,-0.0359897550376066,17.0,0.3737,0.47366317950075487,0.3736999999999999,0.6990355548400933,1.0243711096801866
FLEX,106.6500015258789,0.6811404949447283,0.5122528261171064,14.997659,12.657603049940684,8.63976141522243,18.50118501491456,130.43400039672852,92.69485006332395,-0.1823450848590714,0.1505493719772086,162.07000732421875,59.90999984741211,0.5196437412604447,-0.4382559869642872,162.07000732421875,51.91999816894531,,,fwd_pe,1.7562441578382333,0.5052,160.0,160.5,0.5002343901624378,11.0,0.5,-0.15602808078642916,0.5,0.38297893941017813,0.26595787882035626
FN,421.1400146484375,0.7526790975046678,0.6509878480565005,19.329237,23.59051304009125,18.972053042501592,28.083908256443067,514.6280004882813,537.4307511901856,-0.1816612888360951,-0.2163827363510786,486.9100036621094,387.2200012207031,0.1561713129268322,-0.0805433163506212,746.469970703125,294.3500061035156,,,fwd_pe,0.6682787323679669,0.1973,750.0,734.1111,0.7808804053589891,8.0,0.1973,0.22045754005143858,0.19730000000000003,0.32927690635179396,0.46125381270358745
FTNT,151.99000549316406,0.3969750018724574,0.4045133469471097,40.427605,41.24589613633019,33.99380140068117,47.87500129555756,156.18379974365234,106.51399990081786,-0.0268516597583848,0.4269486230419652,168.2899932861328,78.04000091552734,0.1072438134341791,-0.4865451799787106,168.2899932861328,75.2300033569336,,,fwd_pe,0.3331773425608566,0.089499995,165.0,160.86485,0.0855976974579495,43.0,0.089499995,0.020240900650191573,0.08949999499999994,0.10052622557858948,0.11155245615717924
GEV,942.0999755859376,0.5231868787714263,0.534833749362597,37.47698,31.636798658096023,25.261127516729328,35.82283564734473,1035.7369909667968,869.4321179199219,-0.0904061708691652,0.0835808295647857,1148.9429931640625,866.647216796875,0.2195552732601222,-0.0800899700078378,1174.8599853515625,546.9464721679688,,,fwd_pe,-0.2803292848036314,0.65660006,1250.0,1236.4318,0.3268230892613755,27.0,0.5,-0.15583383031140652,0.5,0.38312462726644503,0.2662492545328903
GOOG,344.5899963378906,0.3223265020300735,0.3022912355320064,23.265799,21.293793388860145,18.15239111173417,23.681245353255026,349.9177996826172,332.1407809448242,-0.0152258711890592,0.0374817430056397,398.7999877929687,318.3399963378906,0.1573173685573914,-0.076177487097624,398.7999877929687,206.1313934326172,,,fwd_pe,-0.2564753525120715,-0.2807,430.0,422.336,0.2478597886467948,51.0,-0.2807,-0.08475984904450762,-0.28069999999999995,-0.3111838797088571,-0.3416677594177143
GS,1036.280029296875,0.3163491241714585,0.2955248241249162,13.997648,11.802042886882486,10.17882143427988,13.750537690044736,1053.3930029296876,932.6867602539064,-0.0162455736702428,0.1110697325807084,1152.0699462890625,778.7777709960938,0.111736127030019,-0.2484871376663494,1152.0699462890625,719.9772338867188,,,fwd_pe,0.1433580841581385,0.0468,1150.0,1141.65,0.1097386492918184,22.0,0.0468,-0.1568552883396921,0.04679999999999995,-0.03529805791699492,-0.11739611583398968
HON,214.77000427246097,0.2691795240684386,0.2301430872409555,21.49125,11.546568627862523,10.803277621176155,13.369335298952848,232.7598046875,227.5403581237793,-0.0772891197395182,-0.0561234673119896,248.7136077880859,194.77793884277344,0.1580462952944004,-0.0930859292824021,257.9405517578125,194.68307495117188,,,fwd_pe,-0.6159350898621532,0.2021,265.0,262.9524,0.2338780776100204,21.0,0.2021,-0.46273164065084516,0.20209999999999995,-0.07602485261319047,-0.354149705226381
IDXX,559.510009765625,0.3199954494691913,0.3495704630535013,33.424137,47.26343381088121,42.910964665506754,50.46754941472782,560.0288037109375,614.2898486328126,-0.0009263701114563,-0.0891758816934834,578.8900146484375,557.0900268554688,0.0346374587488267,-0.0043251825131241,766.6799926757812,526.4400024414062,,,fwd_pe,0.173891909310927,0.1284,700.0,698.9231,0.2510946860329188,13.0,0.1284,0.4140509839006825,0.12840000000000007,0.36200756511676513,0.5956151302335302
INTC,87.26000213623047,0.7881159994225938,0.6333323536968175,42.771786,26.51167407478254,18.574976675289193,80.86730480194092,107.58739974975586,71.75909994125367,-0.1889384599014952,0.216013052110001,129.44000244140625,41.189998626708984,0.4833829850167124,-0.527962438478937,140.94000244140625,24.0,,,fwd_pe,,0.34849998,110.0,114.87805,0.2606004733791756,44.0,0.34849998,-0.3801597605771585,0.34849997999999993,0.0921772652324484,-0.16414544953510302
INTU,369.9200134277344,0.4811775387190676,0.3674968320330672,13.551608,51.646118888945594,46.56354126502259,59.48938093615173,300.7833670043945,438.1642839813233,0.2298552845920158,-0.1557504183898699,477.5721435546875,356.0278015136719,0.2910146145633818,-0.03755463724532,694.290283203125,253.9451141357422,,,fwd_pe,0.6644592287498281,0.1454,427.0,444.50302,0.1543035913179011,33.0,0.1454,0.5,0.14539999999999997,0.4317500000000001,0.7181
ISRG,373.5700073242187,0.3710579362501792,0.328736502606198,30.948162,63.27877732071236,58.78217753644725,72.10387408051739,387.51099853515626,472.3198498535156,-0.0359757304015533,-0.2090740894330885,432.8299865722656,332.0199890136719,0.1586315231046253,-0.1112241815346967,592.8499755859375,332.0199890136719,,,fwd_pe,0.3858587789478418,0.1182,484.0,478.00934,0.2956072235744018,27.0,0.1182,0.5,0.11820000000000008,0.39775000000000005,0.6773000000000002
JNJ,273.0400085449219,0.1870179761227267,0.1795305837129213,22.184847,21.32725708551959,12.468689739542016,23.83683353524289,255.52219909667969,230.86462898254393,0.0685568984228024,0.182684457763198,273.4100036621094,220.0544586181641,0.0013550948784366,-0.1940578240131441,273.4100036621094,171.1616973876953,,,fwd_pe,0.4277842439030568,0.11350001,280.0,272.5,0.0254907384898248,4.0,0.11350001,-0.0386565620434709,0.1135000100000001,0.09197796888901477,0.07045592777802967
JPM,356.3900146484375,0.2234816406207662,0.2299781654634371,14.251616,9.72963804384844,8.566701830100232,11.787137880430116,344.3851513671875,314.09060775756836,0.034858829521515,0.1346726258160449,365.1799926757813,294.3738708496094,0.0246639290273456,-0.1740120128225372,365.1799926757813,280.13787841796875,,,fwd_pe,0.0714220057571013,0.0328,372.0,374.57144,0.0438002881953947,12.0,0.0328,-0.3172958039391154,0.03279999999999994,-0.13105155315415928,-0.2949031063083184
KDP,32.5099983215332,0.3030479441538797,0.2331567356367362,12.829315,25.69940748668852,19.76732192500945,32.12462699059213,31.107799034118653,28.563158349990843,0.0450754901006218,0.1381793961011186,33.5,26.288894653320312,0.0304522217649905,-0.1913597043803075,33.995601654052734,24.6966495513916,,,fwd_pe,1.5596365043651983,0.10520001,38.0,36.20588,0.1688711769274518,19.0,0.10520001,0.5,0.1052000099999999,0.3815000124999999,0.6578000149999998
KLAC,181.57000732421875,0.5965107501111566,0.4844606778952789,27.494612,24.355495053311845,19.234588970555528,31.5056261353584,218.65761596679687,168.45722438812257,-0.169614986784681,0.0778404309089442,193.03517150878903,130.23875427246094,0.0631445928406977,-0.282707776511231,301.3693542480469,83.93718719482422,,,fwd_pe,0.8043276988233186,0.21190001,230.0,231.77779,0.2667290341036485,23.0,0.21190001,-0.11417207657588169,0.21190000999999992,0.142717439627984,0.07353486925596808
KO,91.98999786376952,0.1862734365339247,0.1650509107837224,26.08624,22.95378847160803,22.225561026136887,24.63015943901724,84.49039962768555,76.98501789093018,0.0887627265243344,0.1949077935410486,91.98999786376952,76.32720947265625,0.0,-0.1702662110538226,91.98999786376952,64.35115051269531,,,fwd_pe,0.0589730064585773,0.0681,96.0,94.69565,0.043591718984155,24.0,0.0681,-0.1200806068023591,0.06810000000000005,0.003970951937200207,-0.06015809612559975
LIN,490.0299987792969,0.1908741833835967,0.1781514187938173,25.03506,31.45127605816002,29.129121479525978,33.188495000989576,507.1577990722656,475.76850021362304,-0.0337721323112851,0.0299757099498396,506.0346984863281,386.8531494140625,0.0326606529128832,-0.2105521082836887,546.6400146484375,386.8531494140625,,,fwd_pe,0.2628226175611323,0.0949,550.0,547.24,0.1223802652288494,11.0,0.0949,0.2562892223210176,0.09489999999999998,0.2352055347596409,0.37551106951928204
LITE,830.1699829101562,0.9621507392020204,0.7381841668305704,25.146631,138.78378481478305,33.51865739964727,185.96622363941088,813.2249975585937,655.8285999298096,0.0208367738355725,0.2658337605267682,1053.0899658203125,149.61000061035156,0.2685232994437012,-0.8197838952380637,1053.0899658203125,119.33999633789062,,,fwd_pe,,3.0129998,1168.0,1148.303,0.4069407760391221,20.0,0.5,0.5,0.5,0.875,1.25
LLY,1246.9300537109375,0.3605210797133857,0.3547178315933752,26.399021,53.39973571579488,39.27811034624354,71.7587398660594,1179.858427734375,1051.4693811035156,0.056847181322726,0.1858928810673366,1280.3399658203125,998.6354370117188,0.02679373394678,-0.1991247351527691,1280.3399658203125,690.9721069335938,,,fwd_pe,0.5876958467512865,0.2866,1376.0,1315.0406,0.1035101735698347,27.0,0.2866,0.5,0.28659999999999997,0.60825,0.9299
LRCX,310.1700134277344,0.6364065176456166,0.5109782762995181,26.837955,20.075767241328595,16.80356646671743,27.918264358893207,336.2167602539063,254.1258628845215,-0.0774701023426129,0.2205369807978976,433.3299865722656,199.1896820068359,0.3970724693321328,-0.3578048380449112,433.3299865722656,96.49594116210938,,,fwd_pe,1.0099374188532622,0.2217,370.0,371.35483,0.1928941676568785,26.0,0.2217,-0.2519636000086969,0.2217,0.06778803493468755,-0.08612393013062503
LULU,122.77999877929688,0.4522429026601428,0.4297458419456756,10.910151,29.007785984727207,20.114070600499225,41.41987722428119,117.64800018310548,155.07829956054687,0.0436216390266221,-0.2082709242542335,167.27999877929688,110.62999725341795,0.3624368825739357,-0.0989574983440025,215.8800048828125,105.43000030517578,,,fwd_pe,-0.0887660491591729,0.025799999,122.5,127.92308,-0.0022804917908509,22.0,0.025799999,0.5,0.025799998999999962,0.28224999875,0.5386999984999998
MA,599.8599853515625,0.2249527158190939,0.2038301542655051,26.051634,33.00304226212772,31.508096926542635,34.264881476502985,539.6635211181641,527.2594409179687,0.1115444381133514,0.1376941573719283,599.8599853515625,525.0048828125,0.0,-0.1247876243907015,599.8599853515625,470.7608337402344,,,fwd_pe,0.2672433521828226,0.156,668.0,667.2973,0.1135931989337517,37.0,0.156,0.2668319485114723,0.15599999999999992,0.31022886623963086,0.4644577324792618
MAR,360.20001220703125,0.275434451245973,0.2586575346981242,27.360031,23.59069065494432,19.587713140401487,28.256614248463336,369.6627996826171,340.77860290527343,-0.0255984304715281,0.0569912815422757,377.2073669433594,312.556640625,0.0472164191003769,-0.1322692114586808,401.7236328125,256.9007873535156,,,fwd_pe,0.3628562774654751,0.1236,393.0,380.64,0.0910604849566645,27.0,0.1236,-0.13776813136855282,0.12359999999999993,0.04620186379714686,-0.031196272405705994
MCHP,74.20999908447266,0.4990463149203741,0.4866734827747742,16.255764,21.161243833344557,16.714676814292794,25.04619072223532,83.99900009155273,76.16691083908081,-0.1165371134943366,-0.0256924133203007,79.87641906738281,59.76006317138672,0.0763565564319723,-0.194716831846847,102.70999908447266,48.05623245239258,,,fwd_pe,5.71345560873054,0.2518,108.0,108.64,0.455329488376148,25.0,0.2518,0.30176864239321866,0.2518,0.44067699327391563,0.6295539865478312
MDB,402.69000244140625,0.7524951353383932,0.6374258718890157,,,10.177224724948474,17.485187747576184,358.15519958496094,339.9820500946045,0.1243449848223712,0.1844448915151622,403.8800048828125,321.17999267578125,0.0029551328172827,-0.2024137904379317,472.2900085449219,214.33999633789065,12.4210554604097,12.445875,psr,,0.19709998,430.0,434.58487,0.067818911304031,39.0,0.19709998,-0.0019941980447576446,0.19709997999999995,0.19590635278025226,0.19471272556050456
MDLZ,64.69999694824219,0.2323496262173581,0.2100940785516329,19.247988,25.50697025583532,18.33376196817622,29.909165908552172,61.24326797485352,58.12487058639526,0.0564425950425768,0.1131207053970784,64.98999786376953,57.84000015258789,0.0044822400186406,-0.1060277761858639,64.98999786376953,50.643348693847656,,,fwd_pe,0.2312784588186567,0.1028,70.0,69.13043,0.0819165888987234,24.0,0.1028,0.3251759225865749,0.1028,0.28210200371423744,0.46140400742847487
MELI,1947.9000244140625,0.4134916650823098,0.3765769248661736,34.34094,61.01008559809943,51.64251337196622,77.03490663063988,1795.8431909179687,1866.4263018798829,0.0846715538779128,0.0436522580356473,2295.0,1899.75,0.1781918842012164,-0.0247189403001041,2510.969970703125,1546.81005859375,,,fwd_pe,0.5447272555730855,0.44529998,2275.0,2256.5417,0.1679244168007703,20.0,0.44529998,0.5,0.44529997999999993,0.8066249749999999,1.16794997
META,559.02001953125,0.3868294970427433,0.3744549800669438,16.107914,21.306885737685327,18.88100597437903,25.659425010607027,592.7924938964844,623.031086730957,-0.0569718319866781,-0.1027413696731778,671.673095703125,542.8699951171875,0.201518858423598,-0.0288898856030319,777.7010498046875,525.233154296875,,,fwd_pe,0.3066521835167481,0.113800004,750.0,754.14246,0.3416335261640373,52.0,0.113800004,0.322758846222132,0.11380000400000001,0.2935444061066228,0.47328880821324604
MNST,48.91999816894531,1.9321367545964103,1.130948124489353,37.373466,34.533950428903836,32.42511417903077,37.89935111999512,80.89980010986328,78.92840015411377,-0.39530137154219,-0.3801977732549342,86.66000366210938,45.52000045776367,0.7714637552280537,-0.0695011823066661,99.94000244140624,45.52000045776367,,,fwd_pe,0.2119906138756302,0.1338,50.0,50.28261,0.0220768984357868,13.0,0.1338,-0.07597677911639678,0.13379999999999992,0.09072876391891449,0.04765752783782928
MO,68.47000122070312,0.2574504192841118,0.2132256241608495,11.6762705,9.488703987815164,7.350089974895697,11.9817186563642,70.14119995117187,64.51988121032714,-0.0238262067320225,0.061223299489642,73.45154571533203,62.32789611816406,0.0727551395620926,-0.0897050532063067,74.91999816894531,53.02522659301758,,,fwd_pe,0.2345326360844417,0.032899998,71.0,70.0,0.0369504707783163,14.0,0.032899998,-0.18735147598583257,0.032899997999999986,-0.0638576715855318,-0.16061534117106357
MPC,362.5199890136719,0.3411334620970798,0.3254828929178759,11.257745,6.222916456586569,4.053164071073573,14.36982743406812,298.81538024902346,232.09879470825192,0.21319052825045,0.5619210322455974,365.2099914550781,242.2467041015625,0.0074202872198168,-0.3317700776703197,365.2099914550781,160.76361083984375,,,fwd_pe,0.1157945041391503,-0.35900003,322.0,324.55557,-0.111773116632594,19.0,-0.35900003,-0.44723242029495525,-0.35900003,-0.5023380139960469,-0.6456759979920937
MRK,150.66000366210938,0.3022052242007522,0.2626109834733677,15.793247,13.739687757608978,11.77695653484498,16.067227836178745,128.5764001464844,114.5744087600708,0.1717547192989195,0.3149533590664657,152.5500030517578,113.3647689819336,0.0125447985112705,-0.2475456907847895,152.5500030517578,75.83134460449219,,,fwd_pe,6.6316162217940375,2.4722,150.0,147.76923,-0.0043807490114602,24.0,0.5,-0.13002767843693075,0.5,0.40247924117230194,0.3049584823446039
MRVL,229.2899932861328,0.8005366312921902,0.6723456523865772,36.677242,24.84446099992684,21.8979695720859,28.03889843074041,232.79629669189453,145.71476985931398,-0.0150616803428033,0.5735535492216046,316.3519592285156,76.56764221191406,0.3797024226597516,-0.666066359396833,316.3519592285156,62.17753219604492,,,fwd_pe,1.1409453306221882,0.5396,251.0,266.35535,0.0946836205223098,39.0,0.5,-0.32261915986139733,0.5,0.2580356301039519,0.01607126020790406
MS,214.0800018310547,0.2805426365135134,0.2887124309002678,15.701461,12.986991103303762,11.714418390481487,14.859279908520453,216.0681631469727,186.90899925231935,-0.0092015468033835,0.145370221270382,227.2987823486328,155.60545349121094,0.0617469189299146,-0.2731434409552652,227.2987823486328,144.37705993652344,,,fwd_pe,0.1013247748091721,0.0515,243.0,236.61905,0.1350896763900819,21.0,0.0515,-0.17288008400595578,0.0515000000000001,-0.039391704166131136,-0.13028340833226237
MSFT,487.30999755859375,0.3218999987415711,0.2613235135359801,20.672134,28.32955497605231,26.025637115869035,31.134189818262005,421.0460296630859,429.3185484313965,0.1573793913898942,0.1350779027346498,537.6464233398438,469.1436767578125,0.1032944656038943,-0.0372787771475937,537.6464233398438,352.1670227050781,,,fwd_pe,0.3147394458646602,0.1934,550.0,569.4537,0.1286450160174856,33.0,0.1934,0.37042237516708787,0.19340000000000002,0.4144310312622015,0.6354620625244027
MU,910.4299926757812,0.8140650521241125,0.638192729845203,5.8727856,13.061751615702711,9.954524870841734,108.66858891078404,962.8355541992188,574.4107920074463,-0.0544283614111267,0.5849806538174844,1213.3734130859375,321.75048828125,0.3327476278761383,-0.6465950255707025,1213.3734130859375,116.2334442138672,,,fwd_pe,2.5010219000673204,1.112,1545.0,1515.1136,0.6970003321828164,39.0,0.5,0.5,0.5,0.875,1.25
NBIS,210.91000366210935,1.1874127957416971,1.1580733952581628,,,16.28707838198784,48.474249548613095,222.8730004882813,149.74767543792726,-0.0536762945711807,0.4084359109102489,286.69000244140625,75.44999694824219,0.3593001634038233,-0.6422644936789359,286.69000244140625,64.05999755859375,29.298291598070804,39.517136,psr,,-0.4654,287.5,286.6875,0.3631406524490532,7.0,-0.4654,-0.25859273814603356,-0.46540000000000004,-0.5345218389064348,-0.6036436778128695
NEE,84.0999984741211,0.2147840773164398,0.2710803517366306,19.05271,21.185835739305126,18.903455073816065,29.847938975848095,87.13440032958984,87.13484790802002,-0.0348243844450754,-0.0348293421835375,84.25552368164062,83.05168914794922,0.0018492890647006,-0.0124650338310583,97.16828918457033,68.33089447021484,,,fwd_pe,-0.0080741269877093,0.0841,100.5,98.38889,0.1950059669849513,22.0,0.0841,0.11195917742437289,0.08410000000000006,0.14478747212288123,0.20547494424576263
NEM,131.83999633789062,0.4925213853297336,0.4132569544726121,12.452749,12.67749235520504,9.100423433784403,14.13417504036018,102.22300018310548,106.34394161224364,0.2897292791420145,0.2397508907335022,131.83999633789062,95.57683563232422,0.0,-0.2750543212442765,131.83999633789062,70.02545166015625,,,fwd_pe,0.3350845664680142,0.1252,133.0,132.86714,0.0087985717106393,14.0,0.1252,0.018047690128905503,0.12519999999999998,0.13535363046652216,0.14550726093304456
NFLX,80.01000213623047,0.3531090708618707,0.3385085291690559,20.940039,34.52241624314455,28.777223176393324,39.67498008747053,74.49519927978515,88.27092472076416,0.0740289697827789,-0.0935859980017911,99.16999816894533,75.86000061035156,0.2394700102631135,-0.0518685341216818,126.3249969482422,67.5999984741211,,,fwd_pe,0.2015439894834962,0.0643,92.0,93.41556,0.1498562372658676,45.0,0.0643,0.5,0.06430000000000002,0.3303750000000001,0.5964499999999999
NVDA,208.47999572753903,0.3678752534376248,0.4679814075977354,15.986504,38.50046975272042,31.628034415365267,66.2983327076353,207.64919921875,195.17145843505855,0.0040009617755079,0.0681889524174907,235.465576171875,192.52999877929688,0.1294396632643986,-0.0765061266074041,235.465576171875,164.97772216796875,,,fwd_pe,0.9970901705588664,0.44619998,300.0,304.72882,0.4389869826746722,51.0,0.44619998,0.5,0.44619998000000005,0.8077499750000001,1.16929997
NXPI,222.44000244140625,0.4899800838473074,0.4344844482769445,12.292824,20.489305157527745,15.855488812431853,25.272184614319738,264.6328720092773,241.40458541870117,-0.1594392610695465,-0.0785593320209806,228.4266815185547,186.75650024414065,0.0269136801449434,-0.1604185479482951,331.5453796386719,181.80755615234375,,,fwd_pe,0.5426351992023963,0.2016,310.0,311.10345,0.3936342231503897,26.0,0.2016,0.5,0.2016,0.502,0.8024
ODFL,201.47999572753903,0.380754053640292,0.3661448836495016,30.340904,31.807607498992773,26.274597282832342,35.193586379779944,220.37720001220703,193.7151370239258,-0.0857493619286442,0.040083902698085,215.91632080078125,188.9405059814453,0.0716514064888327,-0.0622368970220292,248.72999572753903,125.70491027832033,,,fwd_pe,0.2745758333370687,0.14109999,236.5,232.13635,0.1738138029336591,19.0,0.14109999,0.04834079759102683,0.14109999000000006,0.1686808318238564,0.19626167364771274
ON,71.93000030517578,0.6167006850679699,0.5668649206034407,15.884092,18.989774395839326,15.828478034136818,22.56198284054591,91.89280014038086,77.21809999465943,-0.217240086325683,-0.0684826444816614,72.20999908447266,55.65999984741211,0.0038926564452792,-0.22619213664306,133.92999267578125,44.900001525878906,,,fwd_pe,1.959758291503222,0.414,108.0,107.68,0.5014597461669796,30.0,0.414,0.19552155677764427,0.4139999999999999,0.5522337406417943,0.6904674812835889
ONTO,282.9100036621094,0.7006957320662061,0.6427083128163565,24.27414,41.53817839223176,22.71937601815884,49.216747753725855,304.23419921875,234.8191499710083,-0.0700913822686585,0.20479953912208,307.8599853515625,248.0800018310547,0.088190524783464,-0.1231133624834756,378.4500122070313,101.9499969482422,,,fwd_pe,3.365089762191369,0.4383,390.0,388.45456,0.3785302568013553,11.0,0.4383,0.5,0.4382999999999999,0.7978749999999999,1.1574499999999999
ORLY,90.68000030517578,0.2555435537989093,0.2216468428025698,24.83023,25.056598478640105,22.022132396110436,29.620016370704093,89.00540054321289,92.58939987182616,0.0188145859885193,-0.0206222264027374,92.69000244140624,90.33999633789062,0.022165881445368,-0.0037494923482676,107.81999969482422,82.7300033569336,,,fwd_pe,0.1593650159503152,0.113400005,110.0,107.8,0.2130568993141202,22.0,0.113400005,0.009116648482116574,0.11340000499999991,0.1184752432327858,0.12355048146557168
PANW,350.8999938964844,0.4171720776294194,0.4163661375526066,85.23507,114.51250076293944,43.49999899392599,127.89999961853027,337.26599975585935,226.68229988098145,0.0404250477382672,0.5479814439888906,396.0,182.8999938964844,0.1285266653974925,-0.4787688883504514,396.0,141.6699981689453,,,fwd_pe,2.5798695302297516,0.090500005,370.0,361.554,0.0544314802956369,16.0,0.090500005,0.3434904290327849,0.090500005,0.27778816228885206,0.4650763195777041
PAYX,126.01000213623048,0.2792808844625456,0.2395896777787374,19.73677,24.005528027291472,22.697729533675968,26.94136290690284,110.87001892089845,101.35260643005373,0.1365561525351037,0.2432832916161216,134.86972045898438,104.8885269165039,0.0703096434612833,-0.16761744989808,134.86972045898438,83.61278533935547,,,fwd_pe,0.3056298979012268,0.068,109.5,111.35714,-0.1310213622437793,16.0,0.068,0.21628453020891825,0.06800000000000006,0.18349593913156248,0.2989918782631247
PCAR,129.94000244140625,0.277516240365881,0.2685603050734419,18.207909,10.59049742826534,8.644734561171163,14.621909902065614,126.40678604125976,117.75347137451172,0.0279511607786091,0.1034919049489047,137.84500122070312,110.62256622314452,0.0608357598181628,-0.1486642747061092,137.84500122070312,90.76243591308594,,,fwd_pe,0.4992561199641319,0.2025,139.5,141.02937,0.073572397868044,14.0,0.2025,-0.41835729581769443,0.20250000000000012,-0.049037324110388636,-0.3005746482207775
PDD,87.06999969482422,0.3379601406287911,0.4650632107342504,,,,,84.64159957885742,100.33159996032715,0.0286903854375335,-0.1321777014494616,104.79000091552734,73.30000305175781,0.2035144284232319,-0.1581485780559265,138.1300048828125,73.30000305175781,,,none,0.2801062395593274,0.21180001,115.99903,116.89112,0.3303277294818401,30.0,0.21180001,,,,
PEP,144.6699981689453,0.2119050089666696,0.2000070226484039,16.113043,23.266473630579508,22.48215753517723,23.99071207663996,140.07139953613282,147.1167551422119,0.0328303897015482,-0.0166313957298841,148.32046508789062,137.52020263671875,0.025233061209293,-0.0494214116452607,167.22096252441406,134.38291931152344,,,fwd_pe,0.1767288152833699,0.048899997,155.0,155.0,0.0714038982636284,23.0,0.048899997,0.4439528046055303,0.04889999699999992,0.281731044709441,0.5145620924188823
PFE,27.969999313354492,0.2361244547625993,0.2432113104595435,9.660151,16.983044147491455,8.195883526008789,19.032216579356096,25.15927047729492,25.239022006988524,0.1117174219576884,0.1082045613974178,28.239999771118164,25.698802947998047,0.0096532164602076,-0.0812011591388222,28.239999771118164,22.05334854125977,,,fwd_pe,2.8097365144706328,-0.026800001,28.0,28.60577,0.0010726023375762,25.0,-0.026800001,0.5,-0.026800001000000018,0.21649999875000003,0.45979999849999986
PG,146.60000610351562,0.196633294072107,0.1778966195534579,19.814856,23.276093620828867,22.12699675658886,24.44128358035772,146.959765625,145.7533388519287,-0.0024480137128305,0.0058089046759131,148.064697265625,139.2047882080078,0.0099910716311644,-0.0504448675826519,164.72073364257812,135.03439331054688,,,fwd_pe,0.1159109104805,0.058000002,162.0,160.56522,0.1050477029694685,23.0,0.058000002,0.1746789187278912,0.058000001999999995,0.1504051501817334,0.2428102983634668
PLD,143.36000061035156,0.217518220894985,0.2581154747586995,42.10279,29.92452137362175,27.219284562363697,33.085218582685314,142.72976470947265,135.28351573944093,0.0044155884524981,0.0597004359826522,144.05450439453125,135.47000122070312,0.0048444739203603,-0.0550362678296384,150.05999755859375,107.46844482421876,,,fwd_pe,-0.243333304039946,0.0225,160.0,158.3077,0.1160714238197828,4.0,0.0225,-0.28925086974944536,0.022499999999999964,-0.12537950715940394,-0.27325901431880795
PLTR,175.88999938964844,0.5977280537064812,0.6543052185363523,76.00336,163.2068881755109,120.66618185315438,207.5552714745375,139.827999420166,151.4316498184204,0.2579025668608798,0.1615141194100158,194.1699981689453,154.85000610351562,0.103928585153959,-0.1196201794254544,207.17999267578125,107.2699966430664,,,fwd_pe,0.977982815496578,0.4439,204.0,191.68,0.1598157979867838,29.0,0.4439,0.5,0.44389999999999996,0.804875,1.1658499999999998
PM,191.4600067138672,0.2814266769211942,0.2439623838265271,20.881731,17.35838627910234,15.330186030398094,21.165858812568604,186.01281677246095,170.8010355377197,0.0292839495467103,0.1209534304701867,200.1699981689453,151.9899139404297,0.0454924848513926,-0.2061531985237246,200.1699981689453,140.5944061279297,,,fwd_pe,0.2594477919478994,0.094,210.0,203.8,0.0968348095476692,16.0,0.094,-0.16872857527461005,0.09400000000000008,0.0017054693247884334,-0.09058906135042333
QCOM,158.52999877929688,0.5222738249238089,0.426845286085784,15.539186,17.17683415747805,13.899423537174652,23.505010360326523,177.6395999145508,167.21176780700682,-0.1075751191989067,-0.0519208016371808,170.9348602294922,157.18521118164062,0.078249300105434,-0.0084828588154374,250.0962829589844,123.61344146728516,,,fwd_pe,0.1672712457396417,-0.0305,175.0,193.1,0.1038920163219858,34.0,-0.0305,0.105388284655197,-0.03049999999999997,0.020586970986606667,0.07167394197321353
ROP,415.510009765625,0.288315942180003,0.2250637824840099,17.10452,36.21437256403166,11.143882383891196,37.93284984415832,368.19532104492185,375.9451544189453,0.1285043182689724,0.1052410301918387,449.0417175292969,342.2915344238281,0.0807001202752877,-0.1762135053812468,532.15966796875,313.9403381347656,,,fwd_pe,0.0117621540972794,0.0933,424.0,445.2,0.0204326972511779,18.0,0.0933,0.5,0.09329999999999994,0.366625,0.6399499999999998
ROST,241.52000427246097,0.2630186149287623,0.2468144744842048,27.047064,21.19896981998192,19.61657144290116,23.085361794580383,234.51920135498048,208.94404541015624,0.0298517259014696,0.1559075722802159,255.22999572753903,210.66696166992188,0.0567654488760762,-0.1277452884098721,255.22999572753903,143.7532501220703,,,fwd_pe,0.0797604871271795,0.067,282.5,269.94443,0.1696753685103,16.0,0.067,-0.21621918667468232,0.06699999999999995,-0.048352936090943044,-0.16370587218188604
RTX,209.22000122070312,0.2614415093641565,0.2429006038748834,26.632347,28.713102977636566,24.981395721435547,34.17813931742022,203.28420623779297,190.31214492797852,0.0291994891918299,0.0993518112040618,210.58038330078125,169.90548706054688,0.0065021607501238,-0.1879099222386675,225.4900054931641,149.53053283691406,,,fwd_pe,0.3806432455990454,0.0847,240.0,234.81818,0.1471178596678599,23.0,0.0847,0.07812890007916184,0.0847,0.1270732089579334,0.1694464179158668
S,20.81999969482422,0.4950527551732592,0.5039754583453464,,,7.461828420301988,12.317109725263125,18.776799774169923,15.842549958229064,0.1088151306520825,0.314182360145232,23.84000015258789,14.739999771118164,0.1450528579265269,-0.2920268978302397,23.84000015258789,11.9399995803833,9.190726272740406,6.778165,psr,,0.41619998,22.0,21.51613,0.0566762883031706,14.0,0.41619998,0.35593132842596864,0.41619998,0.6682349500991152,0.9202699201982303
SANM,185.41000366210935,0.7115018621248488,0.5408193325390582,13.322221,12.702703291845138,10.535714191756226,17.159844256387466,214.1029995727539,182.16374965667725,-0.1340149179035411,0.0178205269245408,282.7200012207031,142.8699951171875,0.5248368245325705,-0.2294375044749292,282.7200012207031,113.13999938964844,,,fwd_pe,1.4896866671105369,0.1504,265.0,260.0,0.4292648442148525,5.0,0.1504,-0.04650258452812506,0.1504000000000001,0.1236517133794226,0.09690342675884511
SHW,346.7300109863281,0.2757411929052932,0.2448330809550746,25.47019,31.098925512655995,28.00116661035619,33.396278471087605,339.28364135742186,332.4123429870605,0.0219473287869538,0.0430720107159947,351.11932373046875,327.6321105957031,0.0126591659362123,-0.0550800328367827,371.7040710449219,292.3243408203125,,,fwd_pe,0.2546699494585631,0.1261,395.0,390.57144,0.1392149150180577,24.0,0.1261,0.22099307121996326,0.1261000000000001,0.25053014875040036,0.37496029750080084
SITM,580.969970703125,0.8591702095839117,0.7677340399247292,38.926693,164.1067949313562,99.13349707149764,191.8907832173468,633.1190014648438,487.4893504333496,-0.0823684499139369,0.1917593075349781,753.1199951171875,333.0299987792969,0.2963148408612517,-0.4267689974126479,901.47998046875,224.4900054931641,,,fwd_pe,23.07212808958624,0.3394,850.0,862.7778,0.4630704560706959,9.0,0.3394,0.5,0.3393999999999999,0.6742499999999998,1.0091
SNPS,394.510009765625,0.56745679506417,0.4404126378961407,22.85095,49.60254372019078,40.9490969103236,57.416534423828125,418.8527996826171,445.9969512939453,-0.0581177681883414,-0.1154423620586289,533.4199829101562,383.8200073242187,0.3521076010899102,-0.0270969105391193,612.1699829101562,372.3299865722656,,,fwd_pe,2.941664569744365,0.16770001,572.5,560.1738,0.4511672348696991,25.0,0.16770001,0.5,0.1677000099999999,0.4596250124999999,0.7515500149999998
SO,90.0999984741211,0.1716664395119793,0.1770622868056304,18.294563,18.593237747104872,17.276238077911884,21.0132997916564,93.6922932434082,91.02146884918211,-0.0383414114964023,-0.0101236596894285,96.5325164794922,88.30087280273438,0.0713930978280612,-0.0199680987997293,97.49111938476562,82.0620346069336,,,fwd_pe,0.186737392962051,0.0735,101.0,100.28947,0.1209767115479991,22.0,0.0735,0.01632587491184534,0.0734999999999999,0.08226291335893299,0.09102582671786585
STX,794.6500244140625,0.7427586372702789,0.524837834024187,14.351273,20.900837191574865,14.537852976135524,46.26407619469718,889.86587890625,567.9189617156983,-0.1070002308766114,0.3992313657100013,1093.260498046875,745.489990234375,0.3757760831291659,-0.0618637546962083,1093.260498046875,157.90618896484375,,,fwd_pe,211.96691938060127,0.5475,1150.0,1125.0,0.4471779584326518,19.0,0.5,0.4563751377020606,0.5,0.8422813532765456,1.1845627065530908
TLN,305.5350036621094,0.5461851730122057,0.5212029376009363,9.930265,4.923316294956693,3.098471986417657,7.367572018030206,366.44850158691406,361.3892245483398,-0.1662266257359965,-0.1545541955658373,391.4299926757813,302.9700012207031,0.2811297821334506,-0.0083951181064768,445.8399963378906,302.9700012207031,,,fwd_pe,,0.38950002,473.5,465.1875,0.5497406003393406,5.0,0.38950002,-0.5,0.38950002000000006,0.0421250150000001,-0.30524998999999997
TMO,628.739990234375,0.3053888167945605,0.277165469003848,22.854895,32.26301394847026,30.057528297133693,34.30709830173946,544.728402709961,533.4171180725098,0.1542265597065732,0.178702311816149,638.1787109375,561.27197265625,0.0150121208285265,-0.1073067064701499,638.1787109375,437.9010314941406,,,fwd_pe,0.4822242674928063,0.0952,642.5,631.4231,0.021885055793088,27.0,0.0952,0.4116456867760827,0.09519999999999995,0.3206171780785829,0.5460343561571657
TMUS,182.6199951171875,0.2916104564681862,0.2467075220137124,12.648092,22.014255644987017,19.442919666460927,48.9531952200584,181.66800018310548,194.63048599243163,0.0052403006204861,-0.0617091963471291,195.63999938964844,181.76377868652344,0.0712956117653271,-0.0046885141471755,252.04246520996097,167.72999572753906,,,fwd_pe,0.5118891450188694,0.1858,235.0,243.375,0.2868251357098119,21.0,0.1858,0.5,0.18579999999999997,0.48225000000000007,0.7787
TSLA,348.95001220703125,0.4686659636798538,0.5846660891618631,161.6572,80.25782463958909,57.30626577567613,104.73038916494332,364.85359741210937,402.84384979248046,-0.0435889499730345,-0.1337834439155814,425.2999877929687,343.25,0.2187991772891506,-0.0163347528517908,489.8800048828125,298.32000732421875,,,fwd_pe,0.9803485399969816,0.2177,410.0,390.09283,0.1749533906213132,32.0,0.2177,-0.5,0.2177,-0.08672499999999994,-0.39115
TSM,410.1199951171875,0.4040280588329164,0.3985081498925134,,,,,424.3001995849609,365.85225234985353,-0.0334202163506972,0.1209989619662148,477.5700073242187,315.7605285644531,0.1644640910223314,-0.2300777032969878,477.5700073242187,225.89175415039065,,,none,0.624255822966048,0.289,538.5,554.45483,0.3130303482182799,12.0,0.289,,,,
TTD,13.270000457763672,0.5681359506698865,0.6020156702599204,,,,,17.385000152587892,26.37232509613037,-0.2366982835034183,-0.4968209890711992,19.790000915527344,13.18000030517578,0.4913338532666829,-0.0067822267884878,55.36000061035156,13.18000030517578,,,none,0.1849167080574925,-0.1427,13.0,13.38667,-0.0203466803654635,20.0,-0.1427,,,,
TTWO,233.5,0.3196238686013727,0.2885774564088298,,,4.529816764888558,6.187487260427872,240.98479949951172,228.6069500732422,-0.031059218320228,0.0214037671435192,242.44000244140625,232.0,0.0382869483572001,-0.006423982869379,262.2900085449219,189.69000244140625,5.146569399733451,6.529565,psr,,0.4995,290.0,286.89,0.2419700214132762,15.0,0.4995,-0.21180516623489443,0.49950000000000006,0.3406990766153881,0.18189815323077596
TXN,258.94000244140625,0.4234165180462962,0.3657640694191372,24.632826,23.776322813991776,17.707465939009985,33.23875357251649,288.39515380859376,232.94216690063476,-0.1021346960175922,0.1116063952125132,330.5873718261719,184.53274536132812,0.2766948664139996,-0.2873532724898897,330.5873718261719,150.79347229003906,,,fwd_pe,0.597566799684291,0.24139999,340.0,323.67743,0.3130454807844387,28.0,0.24139999,-0.034770804860482785,0.24139999000000012,0.2198177515969526,0.19823551319390487
UNH,398.760009765625,0.3549484146484278,0.366783961550131,17.773722,23.14556939518598,20.781276411902276,30.755186788041236,413.6101983642578,345.68371826171875,-0.0359038260114529,0.1535400387695493,436.3500061035156,302.9270324707031,0.0942672169157194,-0.2403274524726003,436.3500061035156,257.54901123046875,,,fwd_pe,0.4409356689611778,0.13239999,490.0,475.23077,0.2288092787639417,27.0,0.13239999,0.302235367200296,0.1323999899999999,0.3035256533976307,0.4746513167952613
VIAV,36.95000076293945,0.7291285147106794,0.5273480793698457,,,2.148223068135803,2.8832614032883135,42.42599998474121,33.971499991416934,-0.1290717773009766,0.0876764573914914,54.04999923706055,17.110000610351562,0.4627874998928891,-0.5369418063040272,55.33000183105469,11.029999732971191,2.42488979488448,6.0050097,psr,,0.1868,65.0,61.42857,0.7591339284949208,7.0,0.1868,-0.5,0.18680000000000008,-0.10989999999999989,-0.40659999999999996
VRSK,189.5500030517578,0.345150423608999,0.2590228368470043,21.796751,39.72723377049019,33.503425456859446,45.0518068533319,188.199599609375,194.9902925109863,0.0071753789337791,-0.0279003092367893,214.45074462890625,168.99000549316406,0.131367666453422,-0.1084674082172381,270.57177734375,156.413330078125,,,fwd_pe,0.3358295004608713,0.12810001,235.0,237.70589,0.2397784026193434,19.0,0.12810001,0.5,0.12810001000000004,0.4101250125,0.6921500150000002
VRT,254.97000122070312,0.6536198396993129,0.6260874859828858,28.022408,41.04199449555213,29.477377216831048,70.77123522758484,293.02913970947264,253.48175735473632,-0.1298817534887613,0.0058712069913735,357.9599914550781,234.17127990722656,0.4039298338678927,-0.0815732094516997,376.1517333984375,121.68595123291016,,,fwd_pe,1.0539028979950618,0.35650003,345.0,338.15384,0.3531003582706442,28.0,0.35650003,0.46461340851050825,0.3565000300000001,0.6716240812914533,0.9867481325829068
VRTX,547.5900268554688,0.2859286671757495,0.2969340875405294,24.955624,24.848811655614423,22.20997160764461,27.529537210887774,492.9120001220703,460.60094955444333,0.1109285769465084,0.1888599608515206,552.0599975585938,438.9200134277344,0.0081629877899598,-0.1984514109063875,552.0599975585938,376.6199951171875,,,fwd_pe,0.2794490732830403,0.1542,567.5,560.2083,0.036359269102953,13.0,0.1542,-0.004280091108344042,0.1541999999999999,0.15172995942137457,0.14925991884274925
WDAY,199.1499938964844,0.5307141282077479,0.412228577242706,15.756023,90.23166199908756,45.49088359107898,120.55384513659357,151.85039901733398,161.4758995437622,0.3114881171550365,0.2333109427423376,247.69000244140625,129.2100067138672,0.2437359278562285,-0.35119251481861,247.69000244140625,112.5,,,fwd_pe,2.9498780878905797,0.17459999,195.0,185.57553,-0.0208385338873848,41.0,0.17459999,0.5,0.17459998999999993,0.4682499874999999,0.7618999849999999
WELL,240.0099945068359,0.2273605279017609,0.2131555764680428,75.71293,113.1855082506704,86.64494178714988,176.22555414835614,231.8934991455078,207.30586235046383,0.035000961179318,0.1577578742133383,251.12200927734375,194.6153259277344,0.0462981335145662,-0.189136576051247,251.12200927734375,162.04429626464844,,,fwd_pe,0.4279279642195859,0.1007,260.0,256.72726,0.0832882211186196,3.0,0.1007,0.49492970686341686,0.10070000000000001,0.3730845641722813,0.645469128344563
WFC,84.72000122070312,0.2641331628992426,0.2799308288886787,10.72348,11.241673593977698,8.928990215988634,12.73721971805079,85.70451232910156,84.02728099822998,-0.0114872727426293,0.0082439918826806,85.4369125366211,81.06546783447266,0.0084621258922121,-0.0431366068646539,94.8288803100586,73.00088500976562,,,fwd_pe,0.1483168710157523,0.09729999,102.0,100.23913,0.2039659883181652,21.0,0.09729999,0.04832326763118844,0.09729999,0.12381255054423512,0.15032511108847046
WMT,106.48999786376952,0.2583105372038132,0.228892798198678,33.020157,30.194964545496767,26.754778528781493,34.71568809760796,113.05620498657228,117.98277618408204,-0.0580791396950093,-0.0974106449434699,108.1196746826172,99.7699737548828,0.0153035670160541,-0.0631047445177293,133.87948608398438,95.24806213378906,,,fwd_pe,0.1684781510881368,0.12109999,130.0,128.425,0.2207719279542697,40.0,0.12109999,-0.0855596311823481,0.12109999000000005,0.073139539168533,0.025179088337065947
XOM,164.0500030517578,0.2548613813226913,0.2330402177556297,15.36476,11.845859311965238,7.557431245461489,14.676247212424206,148.48040008544922,141.00549030303955,0.1048596512223054,0.163429896943676,169.21829223632812,142.67153930664062,0.0315043528706289,-0.1303167531083329,169.21829223632812,106.15340423583984,,,fwd_pe,0.3723689143208224,-0.0788,170.0,169.68182,0.0362694107745,22.0,-0.0788,-0.2290241232557334,-0.07879999999999998,-0.18428851117159084,-0.2897770223431816
ZS,176.05999755859375,0.6160749843850276,0.4914029801497918,,,11.99799847061671,18.86379634631811,151.76730010986327,178.67605018615723,0.1600654253659725,-0.0146413166444965,184.6000061035156,143.27999877929688,0.0485062402780036,-0.1861865229686119,336.2699890136719,118.0500030517578,14.278265263995236,8.9711685,psr,,0.112399995,200.0,198.15341,0.1359763874439388,44.0,0.112399995,0.5,0.11239999500000009,0.3904999937500002,0.6685999925000001
A,153.42999267578125,0.3320332429575701,0.3036150846569553,23.215662,29.782352716935748,27.685170424611947,31.81087162047313,137.94172210693358,130.93380229949952,0.1122812614796924,0.171813465898009,156.26173400878906,110.35773468017578,0.0184562436823658,-0.28072906245015,159.0,109.7778778076172,,,fwd_pe,0.3270883681886825,0.0907,159.0,160.89474,0.0363032496259643,21.0,0.0907,0.28285606143541164,0.0907,0.24495555310380168,0.3992111062076036
ACGL,101.13999938964844,0.2104216953801222,0.2339946486974653,10.356148,7.990517451845367,6.911403669137348,10.78331420296117,98.9165998840332,95.71209980010988,0.0224775164959356,0.0567106938503541,101.9800033569336,92.16999816894533,0.0083053586351031,-0.0886889586200768,106.4800033569336,84.72000122070312,,,fwd_pe,-0.2358232037626344,0.0417,111.0,111.86842,0.0974886362453422,20.0,0.0417,-0.22842764975496999,0.04170000000000007,-0.07727654137487605,-0.19625308274975217
ACN,186.52999877929688,0.4384788760474749,0.3268530758662639,12.714926,26.689011059670783,24.60308509093326,28.461671922820052,153.171414642334,202.2850082015991,0.2177859636202845,-0.0778852054453815,194.25424194335935,157.74325561523438,0.0414101925406746,-0.1543276864442759,282.7142333984375,122.96148681640624,,,fwd_pe,0.1717379637128835,0.0575,179.0,179.1084,-0.0403688351931337,28.0,0.0575,0.5,0.05750000000000011,0.32187500000000013,0.5862500000000002
ADM,78.16000366210938,0.2708120298298863,0.2940950445591603,13.752962,12.216641558088003,10.383205502808188,17.874998836305267,79.56196823120118,70.10003305435181,-0.0176210393013128,0.1149781284911561,83.57953643798828,74.60648345947266,0.0693389524302978,-0.0454646882822422,86.769287109375,54.410255432128906,,,fwd_pe,0.5527703777557154,0.0493,78.0,78.7,-0.0020471296649509,11.0,0.0493,-0.11170833176969419,0.0492999999999999,-0.00930777626297008,-0.06791555252594017
AEE,107.16000366210938,0.1717782190709865,0.1867584078605777,18.447714,17.800187515560282,16.71830880445061,18.71103710598416,110.9429995727539,106.79393333435058,-0.0340985544397843,0.0034278195055583,113.51981353759766,105.317626953125,0.0593487276796076,-0.0171927645205541,118.31999969482422,95.91773986816406,,,fwd_pe,0.0226848703313591,0.0779,120.0,120.4,0.1198207903984116,6.0,0.0779,-0.035100635473843456,0.07790000000000008,0.0589825125113721,0.040065025022744116
AES,14.75,0.3359552853011428,0.4088486093832479,6.2034216,9.447912942795526,6.9660447411618,43.18860803331648,14.60783317565918,14.250284771919253,0.009732232195649,0.035067034524493,16.86722755432129,14.39731788635254,0.1435408511404263,-0.0239106517727092,16.86722755432129,11.916772842407228,,,fwd_pe,-0.1094681683411619,,15.0,15.0,0.0169491525423728,11.0,,0.5,,,
AFL,118.1999969482422,0.1711383920220989,0.1962280883735201,15.62781,8.981750797841478,8.12001510267086,11.42485550259504,121.01556182861329,113.2496942138672,-0.023266138981023,0.0437114004478154,128.90081787109375,111.54821014404295,0.0905314822261567,-0.056275693535863,128.90081787109375,103.45708465576172,,,fwd_pe,-0.18409502035154,0.0764,116.0,118.26667,-0.0186124958125466,15.0,0.0764,-0.4252713081460884,0.07640000000000002,-0.15248101804422476,-0.38136203608844954
AIG,77.37999725341797,0.2420245316569462,0.22391887388382,8.809528,11.21561632577674,4.28837742282213,13.922543112963822,77.67779968261719,76.75383487701416,-0.0038338164883147,0.0081580598208172,78.24999237060547,73.69160461425781,0.0112431525984457,-0.0476659701483414,85.51396179199219,70.99663543701172,,,fwd_pe,0.6028597672883269,0.0925,88.0,88.5,0.1372448064556235,22.0,0.0925,0.2731234097646025,0.09250000000000003,0.24169366258391434,0.3908873251678282
AIZ,287.80999755859375,0.2224035451793164,0.2387927839726137,12.342963,12.267493638355775,11.29430894001609,22.799030341724357,276.45999938964843,242.11981201171875,0.0410547572668855,0.1887089914998925,301.57000732421875,212.88169860839844,0.0478093529840764,-0.2603394586212768,301.57000732421875,203.1226043701172,,,fwd_pe,0.1167500056509931,0.050100002,327.0,322.33334,0.1361662304084059,7.0,0.050100002,-0.006114363434794656,0.05010000199999998,0.04688965547244672,0.04367930894489347
AJG,271.989990234375,0.3033561072460572,0.2429970045854723,18.272585,42.933751695439184,35.30129596217749,49.970251336546454,244.9835992431641,232.50869903564453,0.1102375468180019,0.1698056518422042,307.6896057128906,240.79624938964844,0.1312534165237224,-0.114687091307466,307.6896057128906,191.363037109375,,,fwd_pe,1.4644272280030437,0.12979999,288.5,291.55557,0.0607007991411678,22.0,0.12979999,0.5,0.12979998999999998,0.4122499875000001,0.694699985
AKAM,105.66000366210938,0.5833760968794345,0.43377899642105,14.746294,28.5644168502714,25.69367068245677,31.06574953878327,119.19760025024414,108.5673000717163,-0.1135727276364109,-0.0267787483679381,111.76000213623048,88.83999633789062,0.0577323326017318,-0.1591899180508031,161.13999938964844,71.97000122070312,,,fwd_pe,1.5960834634112135,0.0701,158.0,157.43086,0.4953624316091163,25.0,0.0701,0.5,0.07010000000000005,0.33762500000000006,0.6051500000000001
ALGN,159.63999938964844,0.4003877449797545,0.4674610415394701,12.721788,45.632649321267536,37.034854518220186,56.13084126311744,174.38160064697266,169.60529991149903,-0.0845364488147342,-0.0587558320821963,188.38999938964844,157.0500030517578,0.1800927092828856,-0.0162239811312513,197.5099945068359,124.87999725341795,,,fwd_pe,1.1785677453515184,0.1113,209.0,208.6,0.3091956953086296,17.0,0.1113,0.5,0.11129999999999995,0.38912499999999994,0.6669499999999999
ALL,260.19000244140625,0.2477724447258429,0.2418186479962847,9.452665,8.081325465893311,5.178071271101549,9.647826744290644,250.5746005249023,218.0657244873047,0.0383734101395816,0.1931723935668483,275.1099853515625,205.0099945068359,0.0573426448755123,-0.2120758192736349,275.1099853515625,187.1697998046875,,,fwd_pe,-0.4487168116081549,-0.2191,281.0,274.0909,0.079980004471079,22.0,-0.2191,-0.14507438210353252,-0.21909999999999996,-0.27574429249232424,-0.3323885849846485
ALLE,162.6300048828125,0.2741768849194593,0.2500383363227786,16.63872,18.637577702721135,17.310190200805664,20.329686908707806,148.38940032958985,150.72364711761475,0.095967801753984,0.0789946235570242,178.0592041015625,156.25198364257812,0.094873017004875,-0.0392179859112113,178.35684204101562,125.13416290283205,,,fwd_pe,0.2843875610623894,0.092,170.0,174.63635,0.0453175606955071,11.0,0.092,0.1201329010116845,0.09200000000000008,0.15759256395237986,0.22318512790475964
AMCR,47.90999984741211,0.3106117036623261,0.2657083875976626,10.647756,17.857923961821058,15.16731099879488,27.284088134765625,44.40440010070801,41.86413751602173,0.0789471254820128,0.1444162638983446,49.10679244995117,39.74756622314453,0.0249800168305303,-0.1703701450691713,49.10679244995117,36.08882522583008,,,fwd_pe,0.8905626687914336,0.0699,50.0,49.93462,0.0436234639792172,8.0,0.0699,0.5,0.06990000000000007,0.3373750000000002,0.6048500000000001
AME,242.3300018310547,0.2305523960835519,0.2200803799438793,26.874971,27.312337204262064,25.110695517672852,28.474879377931657,240.78199981689457,223.67839080810543,0.0064290603755152,0.083385842304948,258.5199890136719,220.94873046875,0.0668096688824537,-0.0882320439101513,258.5199890136719,178.4497528076172,,,fwd_pe,0.3163416622849566,0.08229999,281.0,277.5,0.1595757763246537,15.0,0.08229999,0.016274108882277982,0.0822999900000001,0.0911067239402743,0.0999134578805485
AMP,561.1300048828125,0.2549569111020219,0.2500678373625429,,,1.7397212817869705,2.2791454586967608,517.8213604736328,480.2844546508789,0.0836362647720188,0.1683284758627063,570.6799926757812,438.4801025390625,0.0170192071531858,-0.2185766244479555,570.6799926757812,427.498291015625,1.9363991325293135,2.500322,psr,0.2483318913714696,0.1105,562.0,579.4545,0.0015504341411385,13.0,0.1105,-0.2255400974237265,0.11050000000000004,-0.01473113909452406,-0.13996227818904827
AMT,178.38999938964844,0.261156585688295,0.2610598001950754,25.447786,45.19901757959675,37.39721736729154,54.879780337589835,171.72879974365233,175.34559494018555,0.03878906540976,0.0173623092755845,189.3721160888672,168.8878631591797,0.0615624011255868,-0.0532660814114007,203.9995574951172,162.11000061035156,,,fwd_pe,-0.0370824400991112,0.0038,210.0,215.69565,0.1771960351953778,9.0,0.0038,0.5,0.0038000000000000256,0.25475000000000003,0.5057
AON,359.1000061035156,0.2523832479882135,0.2259073317756499,16.824148,23.50509775615319,21.874627047223857,25.360963060606203,350.0834075927734,336.4026969909668,0.0257555722870206,0.0674706514411753,380.3929138183594,338.3839416503906,0.0592952028764537,-0.0576888446143699,380.3929138183594,307.56890869140625,,,fwd_pe,0.1759955987072865,0.1195,412.0,404.05264,0.1473127067595627,22.0,0.1195,0.39710478986235676,0.11949999999999994,0.341779406125454,0.5640588122509083
AOS,62.720001220703125,0.2686622569420765,0.2536667192855156,15.332752,19.55901256027367,17.38277149202149,29.98484554669715,60.844376983642576,64.73595714569092,0.0308265829982086,-0.0311412082847682,79.5334701538086,62.206302642822266,0.2680718846599057,-0.008190347064459,79.5334701538086,55.44425582885742,,,fwd_pe,0.1394401344259659,0.0928,70.0,69.90909,0.1160714068496195,12.0,0.0928,0.2756361389184192,0.0928,0.24340758630502446,0.3940151726100485
APA,42.959999084472656,0.4658441183368423,0.4455633656245198,10.225308,4.145361616804793,3.3974945220670336,7.070619611180056,36.1418030166626,32.3537980556488,0.1886512431232785,0.3278193493877008,43.78666687011719,35.25423812866211,0.0192427328506001,-0.1793706033526358,44.38999938964844,20.91069221496582,,,fwd_pe,-0.1136411734492496,-0.268,44.0,43.75,0.0242085879350784,23.0,-0.268,-0.5,-0.268,-0.45100000000000007,-0.634
APD,306.239990234375,0.2676555977545964,0.2724914789536405,21.214674,22.028680383806396,15.151583190846916,25.626803875431087,295.3084539794922,277.7539278411865,0.0370173495122558,0.1025586302760628,314.19000244140625,269.6747741699219,0.0259600720367934,-0.1194005264840448,314.19000244140625,226.25491333007812,,,fwd_pe,,0.0739,350.0,343.6316,0.1428944983055089,21.0,0.0739,0.03836996900383194,0.07390000000000008,0.09450275485660775,0.1151055097132152
APH,155.5500030517578,0.4495250357846189,0.3549397107851414,24.014303,26.073864265270178,23.80950057816967,31.944326559702557,160.95700958251953,144.3781870651245,-0.0335928615024974,0.0773788354995346,165.672119140625,127.18636322021484,0.0650730690471226,-0.1823441933466579,176.32000732421875,108.1230010986328,,,fwd_pe,0.619347436400715,0.2183,197.0,192.11765,0.2664737777886772,16.0,0.2183,0.08576394098426166,0.21829999999999994,0.27054310465056286,0.322786209301126
APO,132.7899932861328,0.3692477712536593,0.3662088319036335,12.372123,15.03604613092066,9.78841410930081,23.35334323373512,126.30837768554689,126.52996784210204,0.0513158012109249,0.0494746466057962,134.38328552246094,116.2955551147461,0.0119985866171024,-0.1242144664910471,150.8031768798828,99.45870208740234,,,fwd_pe,2.819572922125006,0.2242,154.0,152.84212,0.1597259416089009,21.0,0.2242,0.21531657347091193,0.22419999999999995,0.35599527462154534,0.4877905492430903
APTV,47.34000015258789,0.4302363734828264,0.3993693853846023,7.2698574,41.28571335150271,10.032839596415922,74.46476387491032,56.50139991760254,67.97454990386963,-0.1621446509002424,-0.3035628743472865,76.81999969482422,46.29999923706055,0.6227291813944951,-0.0219687560662268,88.66999816894531,46.29999923706055,,,fwd_pe,1.9465247832784176,0.1376,65.5,66.61111,0.3836079380836117,18.0,0.1376,0.5,0.13759999999999994,0.42199999999999993,0.7063999999999999
ARE,54.040000915527344,0.4690319763448536,0.3744429451916444,,,5.192214590706578,7.793354216165419,50.48259506225586,49.13450756072998,0.0704679672050225,0.0998380486205994,54.869998931884766,47.5,0.0153589563711302,-0.1210214804724069,82.42867279052734,39.88661193847656,6.002017836616654,3.2742813,psr,,,52.0,52.85714,-0.0377498312540033,1.0,,0.5,,,
ARES,140.00999450683594,0.4417440272819431,0.3771306348760256,19.467653,69.5913314819336,52.48442163654402,81.84077892858004,128.269091796875,131.60957653045654,0.0915333736716064,0.0638283185603549,173.0078887939453,137.85899353027344,0.2356824196968185,-0.0153631959213988,178.13194274902344,94.25435638427734,,,fwd_pe,2.2990504813292088,0.2292,149.0,146.88889,0.0642097410604864,15.0,0.2292,0.5,0.22920000000000007,0.5365000000000002,0.8438000000000001
ATO,167.82000732421875,0.1557641681674642,0.1633831158114658,18.609985,17.727009507476307,16.280351027213637,18.788429077262396,173.3993994140625,174.87492950439454,-0.0321765364164879,-0.0403426734762372,176.18600463867188,167.14999389648438,0.0498510126881981,-0.0039924526188342,191.20855712890625,159.71681213378906,,,fwd_pe,0.0748199958248219,0.0655,190.0,188.18182,0.1321653659145107,13.0,0.0655,-0.047446330156832195,0.06550000000000011,0.040222967608947835,0.014945935217895334
AVY,183.69000244140625,0.2528805992395502,0.2212636273692654,16.421068,21.271475367749588,18.935972322176877,24.95914603426694,167.16600006103516,171.7133432006836,0.0988478660393734,0.0697479824076652,195.2252960205078,163.24363708496094,0.0627976124219449,-0.1113090809771605,195.2252960205078,153.00999450683594,,,fwd_pe,0.2225398494178332,0.099700004,204.5,201.8,0.1132886781099138,11.0,0.099700004,0.29537709531131506,0.09970000400000001,0.2621131004476809,0.42452619689536153
AWK,139.91000366210938,0.2253792953385801,0.2275204182646945,21.308903,25.01398637170224,23.269418481926245,28.345334133177712,132.33660858154298,129.4551547241211,0.0572282693484609,0.0807603911970007,141.56787109375,131.46353149414062,0.0118495274694185,-0.0603707522470478,142.31741333007812,120.32962036132812,,,fwd_pe,0.1379203800402113,0.0791,140.0,140.36365,0.0006432444824171,10.0,0.0791,0.17387489969343983,0.07909999999999995,0.1729142021295953,0.26672840425919087
AXP,337.3299865722656,0.2703257130528178,0.2725241109461955,16.771164,16.03178581554831,14.358261560557793,18.89930943363819,342.42430603027344,337.1238116455078,-0.0148772133528319,0.0006115703478537,361.5700073242187,326.1700134277344,0.0718584819519454,-0.0330832525680028,381.7815551757813,290.5535888671875,,,fwd_pe,0.2219739190434249,0.1402,382.0,375.9556,0.1324223022140511,28.0,0.1402,-0.04408627716309299,0.1402000000000001,0.11506641338932089,0.08993282677864145
AZO,3009.43994140625,0.2900787776597229,0.2429140212400879,17.181982,18.68050766883985,17.363090244117835,21.19535282279129,3053.38359375,3416.923046875,-0.014391788975908,-0.1192543993173683,3218.14990234375,2935.18994140625,0.06935176145764,-0.0246723647740597,4354.5400390625,2923.5,,,fwd_pe,0.2035382763175981,0.1565,3979.0,3950.5217,0.3221729216967508,23.0,0.1565,0.08721494812646458,0.15650000000000008,0.20693204375412844,0.25736408750825635
BA,210.4600067138672,0.3376054160373228,0.3460293525713215,51.072113,81.50201612903226,72.22278195042765,87.5443535466348,221.64679962158203,219.5827001953125,-0.0504712584472867,-0.0415455929512249,234.5399932861328,209.0,0.1144159736011212,-0.0069372168929565,252.1499938964844,179.1199951171875,,,fwd_pe,0.4823165824370727,4.8327,277.0,274.04,0.3161645498595744,22.0,0.5,0.5,0.5,0.875,1.25
BALL,64.41999816894531,0.2591291021539211,0.2625121724013137,14.243484,18.977568930040025,11.34711947140994,24.200023774668303,62.09239990234375,58.16846014022827,0.0374860412910809,0.1074729847351347,67.31098175048828,56.85125732421875,0.0448771136869825,-0.1174905473433434,67.31098175048828,45.91629409790039,,,fwd_pe,0.2959225425464724,0.1238,73.5,72.57143,0.1409500479531502,15.0,0.1238,0.33236846617302507,0.12379999999999991,0.31055784114262286,0.49731568228524536
BAX,26.489999771118164,0.434856889523498,0.3769848485433711,13.008249,7.333657400948661,6.822461991083054,7.947504497709728,23.722599983215332,19.984437823295593,0.1166566813865628,0.3255313962466897,28.350000381469727,21.67659568786621,0.0702151991854491,-0.1817064599789075,28.350000381469727,15.791792869567873,,,fwd_pe,,-0.0052,28.0,28.72727,0.0570026516394377,13.0,-0.0052,-0.4362302412147353,-0.005199999999999982,-0.22218092198020933,-0.4391618439604187
BBY,87.4800033569336,0.3770777456132259,0.3753814561004159,12.345993,12.655533046868252,11.043657047647828,15.53740243567962,82.31739059448242,69.82908231735229,0.062715942830156,0.2527732064322878,90.16999816894533,67.57035827636719,0.0307498252033218,-0.2275908129464924,90.16999816894533,54.79087448120117,,,fwd_pe,0.3121666276661585,0.074499995,85.0,82.9,-0.0283493742771676,23.0,0.074499995,0.025072106137453032,0.07449999500000004,0.0879699839596666,0.10143997291933271
BDX,190.7400054931641,0.2582922231647426,0.2533526003546237,14.349457,30.484682587823507,29.486215033498752,33.13534795021525,162.27260040283204,156.589780960083,0.1754295242675805,0.2180871850238199,192.0,153.051025390625,0.0066058219070412,-0.1975934728799712,192.0,136.08609008789062,,,fwd_pe,1.2997385894114322,0.053000003,192.5,194.41667,0.0092271912349242,14.0,0.053000003,0.5,0.05300000299999996,0.31625000375,0.5795000044999998
BEN,34.619998931884766,0.2798910348238374,0.3003670214894245,10.937524,15.536344883053802,10.847407295068558,23.504314422607425,33.430376052856445,27.564378786087037,0.0355850881589672,0.2559687704392965,35.77000045776367,30.06822204589844,0.0332178382830556,-0.1314782503298743,35.77000045776367,20.38774299621582,,,fwd_pe,1.1532313894808368,0.0953,36.0,35.18182,0.0398613839021313,10.0,0.0953,0.42046270097819227,0.09529999999999994,0.3255663981907071,0.5558327963814138
BF-B,28.75,0.3914708536583307,0.3497482408328896,16.906296,23.949003219604492,18.888259089850138,34.99194771234244,27.177399978637695,26.947697019577028,0.0578642556903317,0.0668815216051164,30.04806137084961,25.85752296447754,0.0451499607252037,-0.1006078968877377,30.333181381225582,22.602962493896484,,,fwd_pe,0.1114705432816269,0.0137,28.0,28.02353,-0.026086956521739,15.0,0.0137,0.41657304589985245,0.013700000000000045,0.22484004831434024,0.4359800966286804
BG,110.16000366210938,0.3180075680549026,0.2822803825392492,9.713198,9.822029164583768,7.086950480416869,13.314905751482565,112.7964419555664,111.87061866760254,-0.0233734171729955,-0.0152910122949785,123.10379791259766,104.23278045654295,0.1174999439015127,-0.0538055828660537,130.5866241455078,75.21078491210938,,,fwd_pe,1.444239271144272,0.1767,140.0,141.22221,0.2708786796105962,7.0,0.1767,0.011204462689195394,0.17670000000000008,0.1832921456231884,0.1898842912463763
BIIB,218.1199951171875,0.3551078381238841,0.304978707468254,13.190024,16.943630476790837,13.581217174959573,23.351296713185867,205.63620025634765,188.3336001586914,0.0607081576360459,0.1581576252638818,221.55999755859375,191.9499969482422,0.0157711467009618,-0.1199798219089688,221.55999755859375,132.22000122070312,,,fwd_pe,1.9320462191729144,0.3323,237.0,235.57484,0.0865578823833597,31.0,0.3323,0.28457919991584846,0.33230000000000004,0.5218724340239425,0.7114448680478849
BLDR,70.22000122070312,0.507665245316946,0.4715688183704482,15.723172,14.124790747561049,5.019173525743337,23.167217751475626,75.62560073852539,91.92965045928956,-0.0714784340889015,-0.2361550286564007,90.51000213623048,66.38999938964844,0.2889490253888687,-0.0545428904083453,149.2100067138672,66.01000213623047,,,fwd_pe,3.854369716237919,0.4152,81.0,80.71429,0.1535174963243746,20.0,0.4152,-0.10165768411354603,0.4152,0.34326702272125487,0.2713340454425097
BLK,1172.6099853515625,0.2701106289351321,0.2460528027649313,18.234306,18.999375804349995,17.572067785851516,24.2135353805035,1070.7738000488282,1048.6138052368165,0.0951052269845325,0.1182477090188061,1183.4700927734375,976.739990234375,0.0092614829803099,-0.1670376319185643,1183.4700927734375,917.7284545898438,,,fwd_pe,0.540309019712623,0.1425,1310.0,1320.8125,0.1171659941197296,17.0,0.1425,0.04195771445044283,0.14250000000000007,0.1664683443798156,0.19043668875963093
BMY,67.27999877929688,0.2755459052627024,0.2768415504863206,10.259288,15.164767645801287,13.211732379273872,19.823999889826368,60.61458038330078,56.341326541900635,0.1099639452066949,0.1941500654809969,67.61000061035156,55.788516998291016,0.0049049024530636,-0.1708008619129459,67.61000061035156,41.20759201049805,,,fwd_pe,0.4444845490252345,-0.0563,68.0,66.20833,0.0107015641166254,28.0,-0.0563,0.47815010610885356,-0.05630000000000002,0.16931512756746248,0.39493025513492497
BNY,162.13999938964844,0.2130605102211742,0.2116253549941696,15.8250065,11.720848099938754,10.230321407318115,13.522547289020862,153.81078399658202,129.6790299606323,0.0541523498979856,0.250317799561506,164.27000427246094,114.00192260742188,0.0131368255262771,-0.2968920498546632,164.27000427246094,100.78397369384766,,,fwd_pe,0.1955437111510822,0.1076,172.0,167.33333,0.0608116482513139,13.0,0.1076,-0.25934639584895247,0.10759999999999992,-0.03602603402115001,-0.17965206804229983
BR,185.4499969482422,0.2845688878589502,0.2319194705778127,16.020464,28.17958406567136,24.917729215801888,31.638377843863317,153.67579956054686,177.44952926635742,0.206761230320956,0.0450858771784952,194.48565673828125,165.5123291015625,0.0487228899365301,-0.1075096693166522,256.89532470703125,135.44000244140625,,,fwd_pe,0.2058144508174044,0.097399995,219.5,213.25,0.1836074608362541,9.0,0.097399995,0.5,0.09739999499999996,0.37174999374999995,0.6460999924999999
BRO,74.62000274658203,0.30346510447989,0.246007393392146,15.473239,25.311005668801094,22.98161991306993,29.393692258038097,67.65313514709473,69.41142126083373,0.102979227560402,0.0750392571011553,81.71196746826172,66.66976165771484,0.0950410675508122,-0.1065430286282232,96.02122497558594,54.25440216064453,,,fwd_pe,0.5407411466985033,0.0759,77.0,76.6875,0.031894896352399,19.0,0.0759,0.5,0.07590000000000008,0.34487500000000004,0.6138500000000002
BSX,49.0099983215332,0.3683056514056582,0.2759461730515955,14.274896,53.955999755859374,49.88917517907841,80.21666420830621,46.45339996337891,69.18170007705689,0.0550357640166223,-0.2915756874007977,98.6500015258789,42.630001068115234,1.0128546195549593,-0.1301774632098861,108.13999938964844,42.630001068115234,,,fwd_pe,0.3899998991236082,0.0392,60.0,62.68966,0.2242399929574816,27.0,0.0392,0.5,0.0391999999999999,0.29899999999999993,0.5587999999999997
BX,143.63999938964844,0.3654604693645327,0.353062215829567,19.176163,39.547443401346754,34.25933014405195,44.36376145158755,128.371307220459,128.44900318145753,0.1189416272202299,0.1182648041785958,158.52069091796875,132.37205505371094,0.103597128874624,-0.0784457280967486,181.32456970214844,100.16072845458984,,,fwd_pe,0.6757381547080092,0.24450001,140.0,142.57143,-0.0253411264627919,23.0,0.24450001,0.5,0.24450000999999988,0.5556250124999997,0.8667500149999998
BXP,69.98999786376953,0.2795924205580007,0.3296752071088974,33.45666,36.637540795337195,17.20551914638943,39.83515816173335,67.78146003723144,62.58323341369629,0.0325832141314892,0.1183506195838752,70.26192474365234,50.205753326416016,0.0038852248633025,-0.2826724552251325,75.56412506103516,50.205753326416016,,,fwd_pe,0.1247097588342651,0.0789,76.5,75.5,0.0930133209734014,4.0,0.0789,0.09507466660859731,0.07889999999999997,0.13018802890200765,0.18147605780401554
C,131.72000122070312,0.2928180259921663,0.2897616820016515,10.224096,9.87581419071269,8.118303791282369,10.918100709055626,136.47991424560547,120.63050304412842,-0.0348762896812533,0.0919294697172738,131.75372314453125,119.36312866210938,0.0002560121736685,-0.0938116644706769,144.93312072753906,91.98409271240234,,,fwd_pe,0.388285673373959,0.155,157.5,154.5,0.195718179019003,11.0,0.155,-0.034064802334339284,0.15500000000000003,0.13532757665191908,0.11565515330383813
CAH,232.3699951171875,0.2967606629968897,0.2489763826819849,16.512417,28.153894396795742,20.195343254148497,65.00732421875,231.7890252685547,213.3818426513672,0.0025064596909178,0.0889867302197966,239.7100067138672,220.5399932861328,0.0315876049013041,-0.0509101952904403,240.2599945068359,144.5368194580078,,,fwd_pe,0.9463954913444834,,275.5,270.9375,0.1856091827219836,18.0,,0.5,,,
CARR,59.970001220703125,0.3588893767638248,0.330657476954809,18.14024,12.906233004438198,9.939882231921684,33.126857458299355,66.99502708435058,60.89734256744385,-0.1048589151968331,-0.0152279444002616,60.059852600097656,53.8637580871582,0.0014982720954741,-0.1018216276346664,75.7276840209961,49.78788757324219,,,fwd_pe,1.3613643479909858,0.1475,78.0,77.81524,0.3006502986875456,24.0,0.1475,-0.2885301956072136,0.14749999999999996,-0.018044199729638888,-0.18358839945927763
CASY,854.2100219726562,0.3339781317857749,0.3040499453967941,36.20436,22.792079354610713,18.2609842148452,27.314396634127924,839.0578527832031,715.5180822753906,0.0180585511942859,0.193834290331583,874.5941772460938,745.0213623046875,0.0238631656724932,-0.1278241379278314,915.5934448242188,492.80413818359375,,,fwd_pe,0.2327126898528242,0.107200004,965.0,957.3889,0.1296987569538141,17.0,0.107200004,-0.37046037122018693,0.10720000400000007,-0.09788685824841625,-0.30297372049683247
CB,345.8299865722656,0.1933990108891898,0.1888352526301234,11.880338,11.115462582258225,10.068434087482704,13.71578961254591,345.6701995849609,322.93701858520507,0.0004622527122573,0.0708898846200885,363.5,318.0975036621094,0.0510945091918511,-0.0801910880691116,363.5,266.578857421875,,,fwd_pe,0.0311526911103035,0.050100002,369.0,366.13043,0.0669982775565145,24.0,0.050100002,-0.06438162093888034,0.05010000199999998,0.01629643186165919,-0.01750713827668149
CBOE,308.0899963378906,0.3291284463630147,0.2564970713178191,20.271265,24.21391648538649,20.9665545541846,46.50341016516838,276.6522006225586,282.47379959106445,0.1136365286254244,0.0906852132265385,365.9330139160156,272.4289855957031,0.1877471461770119,-0.1157486811193866,365.9330139160156,230.82504272460935,,,fwd_pe,0.1836728985586249,0.0714,315.0,315.14285,0.0224285233024281,12.0,0.0714,0.1944945954476196,0.07139999999999991,0.17559075478128983,0.2797815095625795
CBRE,151.92999267578125,0.3193665958305354,0.3027549506404003,16.737207,27.53503155556454,22.83429315926722,35.874374679008795,142.14180084228516,147.38480045318605,0.0688621628225794,0.0308389481725348,153.52000427246094,149.41000366210938,0.0104654227165847,-0.0165865144155541,171.61000061035156,124.63999938964844,,,fwd_pe,1.0772038010881984,0.16350001,184.0,182.5,0.2110841102497529,12.0,0.16350001,0.5,0.16350000999999992,0.4543750124999999,0.7452500149999999
CCI,76.4000015258789,0.2969287298753238,0.2697986197467079,26.459976,36.237216613453285,28.97652807952352,86.09978326476445,78.03774032592773,84.08306835174561,-0.0209864969591474,-0.0913747199819831,89.67955780029297,76.07231903076172,0.1738161781307803,-0.0042890378085423,99.02628326416016,73.61000061035156,,,fwd_pe,0.1785223841472871,0.2526,92.5,95.07,0.2107329601121481,9.0,0.2526,0.3695105624227808,0.25259999999999994,0.48402446524538756,0.7154489304907752
CCL,25.709999084472656,0.4796728369712613,0.4634627418505706,9.746684,11.941763434079611,10.80994067510756,13.583694826258291,27.678905029296875,27.588836040496822,-0.0711338090412254,-0.0681013491568213,28.890804290771484,25.13833999633789,0.1237186044172149,-0.0222348933680054,33.452430725097656,23.65051651000977,,,fwd_pe,0.1882071892348207,0.17559999,35.0,35.29615,0.3613380492548506,27.0,0.17559999,0.22521294771428013,0.17559999000000004,0.30798015954038926,0.44036032908077827
CDW,132.50999450683594,0.4394100486319593,0.3410733837480746,11.100378,21.893058318467418,20.09475349199654,25.033258508752898,136.4237995910645,130.73896842956543,-0.0286885799688932,0.0135462754413933,140.97999572753906,112.81109619140624,0.0639197160352018,-0.1486597172442978,168.16159057617188,98.71468353271484,,,fwd_pe,0.4347873558900428,0.0922,159.0,155.88889,0.199909490538825,10.0,0.0922,0.5,0.09220000000000006,0.3652500000000001,0.6383000000000001
CF,129.24000549316406,0.4226054230785817,0.349933393833441,12.354022,9.26596751812907,6.254717136331822,10.30755512896318,115.967841796875,104.97005790710448,0.1144469319308028,0.2312082899633891,136.33804321289062,111.64659118652344,0.054921366589558,-0.1361297861254826,136.33804321289062,74.9918212890625,,,fwd_pe,-0.2239338735190855,-0.2779,123.0,125.77474,-0.0482823060038798,10.0,-0.2779,-0.24996349220285752,-0.27790000000000004,-0.3681493188598417,-0.4583986377196835
CFG,70.2300033569336,0.267509696995816,0.3155170217179806,10.76368,10.035886105282277,8.10849430462042,11.809393775037051,70.86220291137695,62.441784896850585,-0.0089215340261721,0.1247276719099013,74.7300033569336,60.040184020996094,0.0640751784836093,-0.1450921094813174,74.7300033569336,46.97679901123047,,,fwd_pe,0.4215076070637551,0.23040001,81.0,80.82353,0.1533532127049672,13.0,0.23040001,-0.06761571272257483,0.23040000999999988,0.18880282319499342,0.14720563638998674
CHRW,142.86000061035156,0.4391525165554391,0.3619045612271088,19.049982,21.419365047790844,14.502557290566934,29.463949624229876,174.85480041503905,172.14510108947755,-0.1829792475170482,-0.1701186980854261,187.7769317626953,123.05043029785156,0.3144122284785227,-0.1386642183106963,209.4199981689453,123.05043029785156,,,fwd_pe,0.4311489113218059,0.20120001,210.0,199.84,0.4699705943077219,25.0,0.20120001,0.12437718039790502,0.20120000999999998,0.27590094516886765,0.3506018803377353
CHTR,150.3000030517578,0.4919262340031423,0.4349269198134387,3.4079537,11.051103471052096,9.329656267491869,13.495831872749902,139.99000076293945,184.83330028533936,0.0736481336711858,-0.1868348245704113,213.2899932861328,125.54000091552734,0.4190950695635285,-0.1647372031503154,282.739990234375,123.30999755859376,,,fwd_pe,0.1476116004745016,0.0627,150.0,184.41176,-0.0019960282479468,17.0,0.0627,0.5,0.06269999999999998,0.32837499999999986,0.59405
CI,280.45001220703125,0.3243022989028214,0.2976848166587119,8.378232,14.259068838358516,12.669630090264905,18.356166333526012,284.3951983642578,276.9787599182129,-0.0138721967878426,0.0125325576944721,281.56805419921875,279.306884765625,0.0039865999055908,-0.0040760470374391,305.7961120605469,240.3203582763672,,,fwd_pe,0.3849256024421379,0.097200006,343.0,341.41666,0.2230343557510479,24.0,0.097200006,0.5,0.097200006,0.3715000074999999,0.645800009
CINF,171.2100067138672,0.2083859218966009,0.2233895916141271,18.957571,8.6450002188736,8.0467389337399,9.501780212625803,177.4087420654297,165.67518356323242,-0.0349404165735889,0.0334076777921439,192.02999877929688,158.6501007080078,0.1216049953214759,-0.0733596490469741,192.02999877929688,148.90289306640625,,,fwd_pe,-0.5737979828744938,0.0699,192.5,191.66667,0.1243501690979633,8.0,0.0699,-0.5,0.06990000000000007,-0.19757499999999995,-0.46504999999999996
CL,92.5500030517578,0.2266069141726358,0.1958865491184189,22.529104,28.80203914279721,25.37964225245727,32.70655294788202,91.58418838500975,86.33546604156494,0.0105456485860624,0.0719812760054017,94.58773803710938,84.38623046875,0.0220176652421284,-0.0882093172751414,97.9660415649414,73.64119720458984,,,fwd_pe,0.6173305427503908,0.060100004,100.5,98.95,0.0858994779697222,20.0,0.060100004,0.2784369561611153,0.06010000399999993,0.207685513170073,0.35527102234014607
CLX,107.16999816894533,0.3019060224116351,0.2516744803591843,17.036423,36.330957898505574,26.536603677793252,61.13146294487847,98.2394108581543,101.23882522583008,0.0909063606222728,0.0585859518804643,124.12696075439452,95.02965545654295,0.158224903192756,-0.1132811693554759,124.12696075439452,85.12554931640625,,,fwd_pe,0.3078252400753376,0.083000004,100.0,101.64706,-0.0669030352845798,18.0,0.083000004,0.5,0.08300000400000007,0.3537500050000002,0.6245000060000001
CMCSA,27.020000457763672,0.3069865493952268,0.2727465376317767,7.459493,8.796266657142823,7.743652776819497,19.788466997383058,24.110021667480467,26.341993913650512,0.120695818129777,0.025738618964672,31.21469497680664,23.903728485107425,0.1552440580302694,-0.1153320473671882,31.675086975097656,21.920000076293945,,,fwd_pe,0.1609712617197978,0.030299999,29.395,30.08136,0.0878978350110988,20.0,0.030299999,0.17920435841186833,0.03029999899999991,0.1226171241462719,0.21493424929254346
CME,279.1650085449219,0.2345545287262405,0.1965845584473358,21.590187,21.22593515041128,19.68548594081131,23.07716275028257,252.48610168457031,274.5601705932617,0.1056648531636066,0.0167716895779534,303.546142578125,255.00027465820312,0.0873359242273368,-0.0865607549193626,317.1933288574219,218.5800018310547,,,fwd_pe,0.0957779105850265,0.0542,285.0,283.06668,0.0209015860744568,15.0,0.0542,-0.0168711762241206,0.054200000000000026,0.045307203012266095,0.036414406024532164
CMG,38.02000045776367,0.4167614347936424,0.3466303759773383,27.769663,46.33551828572514,41.41057779727672,50.08543921767102,33.846400108337406,34.548550081253055,0.1233100222200049,0.1004803491997865,40.869998931884766,31.790000915527344,0.0749605060443687,-0.1638611117103278,43.63999938964844,28.18000030517578,,,fwd_pe,0.2677035367696034,0.19139999,44.0,43.79688,0.1572856252034897,35.0,0.19139999,0.5,0.19139999000000008,0.48924998750000004,0.7870999850000002
CMI,571.6199951171875,0.3660478014883769,0.3029114398653534,16.566761,14.70803911723788,11.836671324634048,25.12334014148247,655.5547875976563,591.6066874694824,-0.1280362741122765,-0.0337837498723776,599.4795532226562,508.2062072753906,0.0487378999045637,-0.1109369657875534,724.891845703125,386.47894287109375,,,fwd_pe,0.7631083106709875,0.16319999,771.0,757.0175,0.3487981641403879,14.0,0.16319999,-0.11219585305553215,0.16319999000000007,0.09794688242388183,0.03269377484776359
CMS,68.41999816894531,0.171464125851815,0.1751246393902504,16.459658,19.091063470936454,17.686459904602984,20.074377301394648,73.00655212402344,72.67390674591064,-0.0628238674699566,-0.058534194285691,73.70773315429688,67.58169555664062,0.0772834715998513,-0.012252303927789,78.68887329101562,67.58169555664062,,,fwd_pe,0.2520571812609957,0.073699996,80.0,79.58333,0.1692487889646079,15.0,0.073699996,0.15986999674819802,0.07369999599999999,0.15952620343453017,0.24535241086906012
CNC,65.6500015258789,0.4913082784032523,0.4501342058842832,12.357601,13.848484694355664,12.215134610086915,39.094203451405406,65.0065998840332,49.00724994659424,0.0098974818402051,0.3395977451789509,68.72000122070312,33.150001525878906,0.0467631321168215,-0.495049493444241,68.72000122070312,28.3799991607666,,,fwd_pe,,0.0872,70.5,71.66667,0.0738765934713534,21.0,0.0872,0.12064507458653684,0.08719999999999994,0.1527826625452413,0.2183653250904829
CNP,39.099998474121094,0.1706104793302633,0.1871390342535965,18.737719,18.566698967656,17.131175215518944,20.228181268176893,42.336106567382814,40.9824340057373,-0.0764384908213294,-0.0459327411191019,39.30927658081055,37.38964080810547,0.0053523814541314,-0.0437431645207774,44.77243423461914,36.4901008605957,,,fwd_pe,0.2420834147422108,0.091400005,46.0,45.75,0.1764706341471029,18.0,0.091400005,-0.009127046485434054,0.09140000500000012,0.08641937571008107,0.08143874642016224
COF,216.27000427246097,0.3227395170420802,0.3324938344932193,8.996919,10.519509096025924,7.459568997307303,16.13124126602186,207.93245819091797,205.9382265472412,0.0400973765908527,0.0501693051282523,221.5662078857422,199.3908843994141,0.0244888496261783,-0.0780465138003245,254.95819091796875,174.73028564453125,,,fwd_pe,0.3244203932479552,0.1784,254.5,257.36365,0.1767697552702509,19.0,0.1784,0.16923461198505008,0.1783999999999999,0.2781130333815913,0.377826066763183
COIN,179.47999572753906,0.6933359968065841,0.7692148985883822,62.102516,59.97752671831109,25.81751054852321,154.63513554753484,158.88659912109375,197.8862498474121,0.1296106576662912,-0.0930143157195909,210.22999572753903,160.7899932861328,0.1713282857811087,-0.1041341814481584,387.2699890136719,141.08999633789062,,,fwd_pe,,2.3931,184.07,194.96793,0.0255739045115024,26.0,0.5,-0.03421744268282001,0.5,0.4743369179878849,0.44867383597577004
COO,75.80000305175781,0.3102753138131898,0.2961223856717598,15.171379,49.2110289744671,42.99977218480254,54.491290886752275,72.00139999389648,73.38789995193481,0.0527573499707412,0.0328678583445336,84.06999969482422,58.97999954223633,0.1091028536953946,-0.2218997735136822,84.31999969482422,58.97999954223633,,,fwd_pe,3.2341108214355465,0.0797,85.0,81.5,0.1213719865150959,16.0,0.0797,0.5,0.07969999999999988,0.34962499999999985,0.6195499999999998
COR,323.7699890136719,0.3148019658976568,0.237497957802451,16.361887,21.988773681354413,17.910672036771842,30.69801482546377,302.78479431152346,322.0981308746338,0.0693072938152818,0.0051905241874525,371.0741271972656,251.67120361328125,0.1461041473538062,-0.2226852019856173,372.5274353027344,251.67120361328125,,,fwd_pe,0.4679569049706797,0.107200004,370.0,369.30768,0.1427865847824949,12.0,0.107200004,0.3439020622349007,0.10720000400000007,0.29758418634104533,0.48796836868209037
CPAY,413.9200134277344,0.3732794279679874,0.3292710921320988,13.24775,19.620210504901827,17.870410014894123,21.41550232867598,373.0805987548828,331.03844970703125,0.1094653938295071,0.2503683901191937,425.239990234375,325.80999755859375,0.0273482229402202,-0.2128672521521446,425.239990234375,255.0,,,fwd_pe,0.9016768885282408,0.142,454.5,450.64285,0.0980382326435889,15.0,0.142,0.48102209846214095,0.1419999999999999,0.41666361822188236,0.6913272364437648
CPT,109.1500015258789,0.1990669936053735,0.2190477707875161,100.13761,27.957159785901084,23.21067478568434,39.02685777480993,111.94924118041992,105.65129970550537,-0.0250045433539803,0.0331155587307103,109.1631317138672,104.3602294921875,0.0001202948951417,-0.0438824733553098,117.58000183105467,94.6936492919922,,,fwd_pe,-0.6402640326646502,-0.5251,116.0,117.42045,0.0627576580701834,1.0,-0.5,-0.5,-0.5,-0.625,-0.75
CRH,95.79000091552734,0.3164977987665992,0.3103627466191547,14.478888,13.743970575839212,9.273917916754842,17.086628313758485,102.34075515747072,111.41233406066894,-0.0640092427680818,-0.140220858640611,112.5987319946289,93.08999633789062,0.1754747981882198,-0.0281867058339181,129.92372131347656,93.08999633789062,,,fwd_pe,0.1688762286164518,0.1276,140.925,138.37955,0.4711869574390659,16.0,0.1276,-0.050757863736551334,0.12759999999999994,0.0989827164253323,0.07036543285066466
CRL,298.5799865722656,0.4584262435372631,0.4565547100752971,23.536219,22.816703117850544,21.62756603837348,25.62921902298424,236.35039947509765,194.6282502746582,0.2632937673698521,0.534104047849741,298.5799865722656,161.63999938964844,0.0,-0.4586375287731264,298.5799865722656,145.57000732421875,,,fwd_pe,,0.120799996,300.0,281.0,0.0047558895156916,16.0,0.120799996,-0.030570580693077942,0.12079999599999991,0.10366824264074004,0.08653648928148039
CRM,209.05999755859375,0.4166907838697636,0.3624363509168067,13.471914,42.81818054007284,34.46566166021885,48.924415225074405,175.44720001220702,199.84536041259764,0.1915835507437455,0.0461088369876174,209.0604248046875,177.25804138183594,2.0436530121514807e-06,-0.1521188010530068,264.8821716308594,150.1199951171875,,,fwd_pe,0.7960891080510164,0.097799994,236.025,243.98425,0.1289821235832011,54.0,0.097799994,0.5,0.09779999400000006,0.3722499925,0.6466999910000002
CSGP,32.84000015258789,0.4384299081060838,0.353654800755068,19.034481,86.9245586689525,76.81989362162928,220.68382711971503,30.072799949645997,45.362399950027466,0.0920167130288933,-0.2760524092912768,34.22999954223633,31.850000381469727,0.0423264123992064,-0.0301461561059143,91.22000122070312,27.13999938964844,,,fwd_pe,8.584944291362605,0.2693,35.0,37.1,0.0657734420638209,20.0,0.2693,0.5,0.2692999999999999,0.5866249999999997,0.9039499999999998
CTSH,62.20000076293945,0.4002355283994542,0.2942691046600877,9.850985,15.496517411022278,14.3034293084262,16.572252072786032,48.97902587890625,62.3788010597229,0.2699313562650307,-0.0028663631513574,85.15773010253906,45.382022857666016,0.3690953224759201,-0.2703854935528244,85.15773010253906,38.50423049926758,,,fwd_pe,0.3549548598439649,0.1007,65.0,63.942,0.0450160643523476,28.0,0.1007,0.5,0.10070000000000001,0.37587499999999996,0.6510500000000001
CTVA,82.80999755859375,0.2712992675424995,0.276199334036609,20.09454,41.297107476454514,37.64933091175707,45.63707232475281,82.0188003540039,76.24794725418091,0.0096465347112484,0.0860619930204484,85.26348876953125,74.45999908447266,0.0296279589816614,-0.1008332172478678,90.51000213623048,60.56100845336914,,,fwd_pe,1.4975878024577822,0.0949,95.0,92.1,0.1472044777296484,4.0,0.0949,0.5,0.09489999999999998,0.368625,0.64235
CVNA,72.33000183105469,0.6203279752253743,0.752192819597973,32.053783,42.64354915543656,28.74289969720784,64.9832056453393,67.41939971923829,72.53977998733521,0.0728366335545278,-0.0028919050528847,79.08200073242188,60.189998626708984,0.0933499064072778,-0.1678418760820966,95.69000244140624,56.25600051879883,,,fwd_pe,0.1939259712340348,0.38729998,83.0,82.975,0.1475182897667808,14.0,0.38729998,0.3303749250263708,0.3872999799999999,0.6164645434407929,0.8456291068815855
CVS,94.11000061035156,0.3096190057907931,0.3305415275738871,11.06298,23.432062301167683,12.14593418598912,28.722665353786727,101.5357502746582,84.81265754699707,-0.0731343358789361,0.1096221169369981,109.91949462890624,73.2870101928711,0.1679895220063969,-0.2212622493086038,109.91949462890624,68.09856414794922,,,fwd_pe,1.2445249833227576,0.070199996,116.0,116.08,0.2326001407680435,26.0,0.070199996,0.5,0.07019999599999993,0.3377499949999998,0.6052999939999999
D,66.61000061035156,0.204358156980641,0.2298939689007994,17.462086,19.61703613156178,16.986461860546164,45.0560989729855,69.13020034790038,63.12831956863403,-0.0364558431028091,0.0551524429211551,71.69000244140625,58.79131317138672,0.0762648518917026,-0.1173800835808696,71.69000244140625,55.91819381713867,,,fwd_pe,0.3199134971617938,0.0635,70.0,71.81818,0.0508932496409797,18.0,0.0635,0.12340737135080992,0.06349999999999989,0.12912186971579298,0.1947437394315863
DAL,82.4800033569336,0.3933944084594633,0.4089210164559704,9.413946,7.858788165412006,5.99602208747565,13.333140762106886,87.55446640014648,72.89944053649903,-0.0579577861855874,0.1314216234024157,93.42931365966795,65.31663513183594,0.1327510894410497,-0.2080912648708668,93.42931365966795,55.21601867675781,,,fwd_pe,7.674722587106407,0.3321,105.0,105.3125,0.2730358356753544,7.0,0.3321,-0.1651972334011681,0.33210000000000006,0.22207038269315205,0.11204076538630403
DD,136.6699981689453,0.3092754801010585,0.3017347404167234,17.159315,19.0327697330051,2.402436976250718,29.275928659642,139.69779998779296,135.39323001861572,-0.0216739405997247,0.00943007379434,152.87335205078125,133.33091735839844,0.1185582358888017,-0.0244317030458963,153.36355590820312,91.31112670898438,,,fwd_pe,2.43309071486828,0.0967,171.0,170.0001,0.2511890121533293,16.0,0.0967,0.1091800420357747,0.09670000000000001,0.156568876050317,0.2164377521006342
DECK,92.08000183105467,0.4498313608661113,0.4628049182413526,11.010337,18.161892324884167,15.329059916004496,23.44905136132504,101.00360000610353,102.34614990234375,-0.0883493080891134,-0.1003081022694529,112.5,79.54000091552734,0.2217636594579053,-0.1361859325169793,123.91000366210938,79.54000091552734,,,fwd_pe,0.1896229879248927,0.109799996,120.0,122.80952,0.3032145700884323,21.0,0.109799996,0.5,0.10979999600000001,0.3872499949999999,0.664699994
DELL,433.19000244140625,0.7199513815330999,0.6140090268182837,19.373566,14.002451976259412,11.578251074653757,16.59391749079631,428.5086602783203,237.7819462585449,0.0109247317429836,0.8217951751912669,465.1912841796875,116.3358383178711,0.0738735463836328,-0.7314438522075384,494.510009765625,110.5447235107422,,,fwd_pe,44.63234254344295,0.1882,500.0,508.9565,0.154227930427897,8.0,0.1882,-0.2772393076081393,0.18819999999999992,0.023492127350004388,-0.14121574529999115
DG,125.33000183105467,0.3680789328686216,0.402617153225256,15.604495,19.677662982425275,15.201764977788931,21.98192046376203,120.30895935058594,123.99371139526367,0.0417345682945955,0.0107770823274353,126.03717803955078,101.23368072509766,0.0056425133500705,-0.1922629917331283,154.71353149414062,94.59921264648438,,,fwd_pe,0.1360197814796313,0.0874,126.0,131.89655,0.0053458721707231,25.0,0.0874,0.261025299596384,0.08739999999999992,0.22931945539055398,0.3712389107811078
DGX,243.8699951171875,0.2374996900928496,0.2207923096866184,20.225233,17.38207448519792,16.162331460261136,19.161738565733017,219.83925567626952,197.25078269958496,0.1093105021985021,0.2363448792424012,244.38999938964844,185.85435485839844,0.0021323011558311,-0.2378957699610018,244.38999938964844,171.25482177734375,,,fwd_pe,0.2813719377176027,0.0774,250.0,245.86667,0.0251363636591162,16.0,0.0774,-0.14057482130376842,0.07739999999999991,0.0016723437636598781,-0.07405531247268016
DHI,148.97000122070312,0.3582655886640892,0.3528240129400921,12.660122,8.391371201157742,5.678184966763751,10.76548111654747,151.24587280273437,148.93287879943847,-0.015047495444716,0.0002492560512084,163.2381134033203,141.6977081298828,0.0957784256273086,-0.0488171647394042,181.857177734375,131.7375946044922,,,fwd_pe,0.1217225236850008,0.1269,157.5,162.91667,0.0572598423132146,14.0,0.1269,-0.3371808580393031,0.1269,-0.06308455446224537,-0.25306910892449064
DIS,110.61000061035156,0.2615175178810546,0.2753074537690896,14.859226,52.587531333745915,28.315166866078098,71.2967185086982,99.89873748779296,103.34985363006592,0.1072212061125141,0.0702482560475883,114.98500061035156,107.63147735595705,0.0395533855515644,-0.0269281551212267,117.1634521484375,91.71721649169922,,,fwd_pe,0.5348166183083831,0.0797,129.0,127.71935,0.1662598254061251,29.0,0.0797,0.5,0.07969999999999988,0.34962499999999985,0.6195499999999998
DLR,188.5500030517578,0.2706931623772708,0.269613979107306,65.21288,166.62952635023328,145.77711953057184,182.81687304960283,187.10119995117188,176.28899131774904,0.0077434196090886,0.0695506375205763,195.5399932861328,173.11000061035156,0.0370723421969725,-0.0818881049668712,202.55946350097656,145.95643615722656,,,fwd_pe,0.4035437477995145,-0.1374,224.0,223.32259,0.1880137702172881,4.0,-0.1374,0.5,-0.13739999999999997,0.07825000000000015,0.29390000000000005
DLTR,136.75,0.417299695774308,0.4154664754251185,17.673826,19.196255031802615,15.890273250567567,21.388272646552903,124.22859939575196,115.95364974975584,0.1007932204432164,0.1793505447661678,141.2100067138672,117.6500015258789,0.0326143086937271,-0.1396709212001542,141.2100067138672,85.04000091552734,,,fwd_pe,0.2419631719809847,0.1008,130.0,130.04,-0.0493601462522852,28.0,0.1008,0.08614032025678076,0.1008,0.1482116322693321,0.1956232645386642
DOC,21.6299991607666,0.2938574943947733,0.2730143452617515,,,4.250088454528346,6.406437306201859,21.26196865081787,17.998870038986205,0.0173093336742633,0.2017420601357329,22.70804023742676,15.678322792053224,0.0498400886956829,-0.2751584188458398,22.70804023742676,15.106075286865234,4.961861838772302,5.1984873,psr,,-1.3704,23.0,22.92105,0.063337997798833,1.0,-0.5,-0.0455181377912951,-0.5,-0.5113795344478238,-0.5227590688956476
DOV,203.6199951171875,0.2620680214625272,0.2463318032806093,17.487463,18.16097922286029,13.871109385662194,20.84342823780823,212.2920001220703,208.77513511657716,-0.0408494196667623,-0.0246923082890646,227.5917205810547,202.3137359619141,0.1177277577777711,-0.0064151811540986,232.20626831054688,159.9496307373047,,,fwd_pe,0.4062524106555649,0.091000006,250.0,246.88889,0.2277772615411362,18.0,0.091000006,0.03851423290275369,0.09100000600000002,0.11200952016399479,0.13301903432798978
DOW,31.440000534057617,0.4475876637812905,0.377786564094429,17.280897,30.08543488326346,7.619937210325982,52.878169315617264,30.21720001220703,30.755967760086055,0.0404670360376409,0.0222406519381019,41.44852828979492,27.020000457763672,0.3183373914035241,-0.1405852417688716,41.44852828979492,19.9071102142334,,,fwd_pe,,-0.27879998,35.0,35.6875,0.1132315332528695,17.0,-0.27879998,0.5,-0.27879998000000006,-0.09849997500000007,0.08180002999999991
DPZ,349.010009765625,0.2929057954828294,0.2828893363595621,16.724058,25.37026412869048,23.911116625432435,27.413416180054668,326.55559997558595,364.5761238098145,0.0687613680234477,-0.0426964714022516,411.148681640625,300.43267822265625,0.1780426639245353,-0.1391860696935039,458.4609069824219,283.0299987792969,,,fwd_pe,0.1830351820114473,0.09729999,375.0,380.2857,0.0744677502282193,23.0,0.09729999,0.5,0.09729999,0.37162498749999995,0.6459499850000001
DRI,225.55999755859375,0.2690295299139899,0.2583985455728637,18.209957,17.274918963632132,16.125829491681266,18.86985432585503,208.06403106689453,197.00014923095705,0.0840893373159443,0.1449737395587149,227.67999267578125,193.38999938964844,0.0093988080339324,-0.1426227988878591,227.67999267578125,165.3362274169922,,,fwd_pe,0.1864588148121384,0.0988,230.0,228.54167,0.0196843522320613,26.0,0.0988,-0.05134762461920517,0.0988,0.07058961503420869,0.04237923006841737
DTE,135.66000366210938,0.1703381172065675,0.1826768648072692,16.214666,17.329311968006156,14.999568586256215,18.74276292781911,145.63990081787108,140.0563957977295,-0.0685244709706441,-0.0313901561623035,139.81471252441406,125.64592742919922,0.0306258937796646,-0.0738174551273961,154.42999267578125,125.64592742919922,,,fwd_pe,0.3259112460287494,0.0853,160.0,159.10715,0.1794191042373452,16.0,0.0853,0.06874307296901172,0.08529999999999993,0.1226034285466342,0.15990685709326824
DVA,176.5,0.4513416764573368,0.3783214564407978,10.372999,13.751630969727472,12.544267908613593,14.995147560805078,213.85000030517577,161.47874992370606,-0.1746551332797533,0.0930230763081274,200.5399932861328,144.57000732421875,0.1362039279667581,-0.1809064740837465,240.9600067138672,103.87000274658205,,,fwd_pe,0.4419770984264048,0.1462,220.0,218.42857,0.2464589235127479,8.0,0.1462,0.32571409384378347,0.14619999999999989,0.33286674718187226,0.5195334943637444
DVN,48.22999954223633,0.3486263773412293,0.3437300912966848,8.833398,7.759986621298664,6.775118443385793,8.473603036026605,43.93860000610351,42.550839805603026,0.0976680990185554,0.1334676298418315,51.0072021484375,43.91762924194336,0.0575824721658788,-0.0894126133365709,51.7022590637207,31.151538848876953,,,fwd_pe,0.1869478766834686,-0.0121,60.0,59.46154,0.2440389916955392,13.0,-0.0121,-0.12151737968801324,-0.0121,-0.07212350969689418,-0.13214701939378826
EBAY,107.08000183105467,0.3564033261196437,0.3162121178815971,15.904017,13.226516839816489,8.248534046386247,15.906308047486853,109.96940002441406,97.40919044494628,-0.0262745654038114,0.0992802767576037,118.63111877441406,104.94000244140624,0.1078737088703465,-0.0199850518589346,118.63111877441406,78.92660522460938,,,fwd_pe,0.4144727083729853,0.098900005,118.0,116.14815,0.1019798093221395,30.0,0.098900005,-0.16835370335579436,0.09890000499999996,0.006398062270274618,-0.08610388045945094
ECHO,85.31999969482422,0.9201137181314736,0.8383535558156143,5.4564047,2.4950310606393753,2.20962743581452,3.014285697700074,94.9170001220703,106.92394985198976,-0.1011093946806539,-0.202049682854692,131.08999633789062,66.93000030517578,0.53645097054358,-0.2155414844752282,141.8000030517578,29.6200008392334,,,fwd_pe,,-0.6025,120.0,128.42857,0.4064697659308545,3.0,-0.5,-0.5,-0.5,-0.625,-0.75
ECL,286.9800109863281,0.219779454897606,0.2039963537938591,30.472216,35.57052193107186,32.53625459611291,37.84121092271256,276.51877258300783,270.7317832946777,0.037831928391697,0.0600159593155895,306.6899719238281,263.1400146484375,0.0686806055577124,-0.0830719751384578,306.6899719238281,245.0621032714844,,,fwd_pe,0.2624342778352582,0.1531,330.0,324.9524,0.1499058727672895,21.0,0.1531,0.16730998267641128,0.1531,0.24956257051208497,0.3460251410241699
ED,107.70999908447266,0.171407377729142,0.1810983228459975,16.598425,16.546847789584312,14.77243037933999,17.57944173793807,109.04525283813476,105.19546802520752,-0.0122449507787757,0.0239034162447244,113.06270599365234,102.6382064819336,0.0496955431684831,-0.0470874816233306,113.56944274902344,92.50196838378906,,,fwd_pe,0.0672976502288622,0.0623,111.0,110.28125,0.0305449906553905,14.0,0.0623,-0.0031073556928254975,0.06230000000000002,0.06064952802375578,0.058999056047511544
EFX,194.6300048828125,0.3890893081787608,0.345685175657147,19.182323,45.471825537743506,39.67471509947812,49.82887784341224,172.7006002807617,187.93605728149413,0.1269793189276693,0.035618218760927,197.7686309814453,173.9789276123047,0.0161261163227253,-0.1061042837816395,260.11492919921875,151.92999267578125,,,fwd_pe,0.786324106835236,0.185,210.0,211.5238,0.0789703269361876,22.0,0.185,0.5,0.18500000000000005,0.4812500000000002,0.7775000000000001
EG,376.7900085449219,0.2426881221246035,0.2452501156646767,6.305902,10.71757802129017,8.037601854435351,15.457481801156703,366.44459838867186,338.02558044433596,0.0282318533326477,0.1146789779922274,398.7000122070313,316.22784423828125,0.0581491100221072,-0.1607318743416739,398.7000122070313,301.2158203125,,,fwd_pe,0.2624542373160889,0.1112,400.0,408.46667,0.0615992752692935,14.0,0.1112,0.5,0.11119999999999997,0.389,0.6667999999999998
EIX,73.97000122070312,0.2561084721565156,0.2694746099887335,11.366832,19.267446511811382,17.131894000341497,29.011240601539612,73.88965148925782,67.00389158248902,0.0010874287511966,0.1039657469691603,74.93050384521484,68.10929870605469,0.0129850291829234,-0.0792308019187664,80.37999725341797,50.15552520751953,,,fwd_pe,-0.3284282727148602,0.0625,77.0,75.75,0.0409625352074325,14.0,0.0625,0.5,0.0625,0.328125,0.59375
EL,104.12999725341795,0.4877495467997892,0.4838931721606728,26.68146,125.5551020304362,85.99227303672434,169.93862533569336,85.29559967041016,91.23828414916991,0.2208132383825849,0.1412971892716741,118.7766342163086,84.99276733398438,0.1406572298974093,-0.1837821033727669,118.7766342163086,66.97105407714844,,,fwd_pe,6.805419943286461,0.18129998,106.0,105.84615,0.0179583481792577,24.0,0.18129998,0.5,0.18129997999999992,0.476624975,0.7719499699999999
ELV,402.6300048828125,0.3518260406402611,0.3112502588954421,13.599856,17.56648036810514,15.833054366475416,18.715962945954445,394.8118017578125,353.51949752807616,0.0198023541601117,0.1389188084338575,422.7099914550781,372.8500061035156,0.0498720570467916,-0.0739636848176888,426.7900085449219,277.8892517089844,,,fwd_pe,0.3105560823585191,0.09,457.0,449.09525,0.1350371170996362,22.0,0.09,0.29166664471338066,0.09000000000000008,0.24895832136879248,0.4079166427375851
EME,764.9000244140625,0.445214405185999,0.3879033958218023,20.814178,15.669497554119406,13.644653602882668,17.991236032322007,796.3079211425782,753.8244415283203,-0.0394418991631405,0.0146925229212351,775.749267578125,700.38916015625,0.0141838708560289,-0.0843389491420527,943.2627563476562,580.6438598632812,,,fwd_pe,0.1430478301857514,0.1187,1047.0,1033.2858,0.3688063362294111,10.0,0.1187,-0.24717192511184405,0.11870000000000003,-0.019555616311309976,-0.15781123262261987
EMR,157.57000732421875,0.3204238391901984,0.291590775595397,21.771511,16.748307769267704,12.533641258141028,29.756620535002504,147.80165985107422,140.6353942489624,0.0660909186201776,0.1204150147670333,159.8804931640625,134.9224395751953,0.0146632336894523,-0.1437301941759983,163.82443237304688,122.3354263305664,,,fwd_pe,0.5802270223688195,0.103999995,175.0,171.44408,0.1106174517077795,28.0,0.103999995,-0.2307236843015763,0.1039999949999999,-0.02335947815766104,-0.15071895131532187
EQT,53.790000915527344,0.3061316845243216,0.3394827178869377,13.623205,10.79938444372726,8.643630158266845,30.02568731215145,51.91261375427246,56.007081050872806,0.0361643736557257,-0.0395857111948331,56.5236930847168,51.19648742675781,0.0508215676270853,-0.048215531597451,67.52731323242188,48.61689758300781,,,fwd_pe,-0.0838955297229984,-0.0334,67.0,67.68,0.2455846599671534,10.0,-0.0334,-0.20728019260318997,-0.033399999999999985,-0.1335785170851217,-0.2337570341702434
ERIE,268.6400146484375,0.3745966615967373,0.3203179551670039,19.174875,31.845303835970956,28.30345871556511,35.57971613628435,239.99871459960937,253.17178199768065,0.1193393893655243,0.0610977753077495,284.4273986816406,233.3963623046875,0.0587678051382765,-0.1311928619043313,358.7596435546875,206.0608673095703,,,fwd_pe,0.2713249499670793,,,,,,,0.5,,,
ES,71.25,0.2513443766284188,0.2505020139309534,14.511851,17.81422273612317,14.156343225847213,23.21943543555978,72.63980041503906,69.33664459228515,-0.0191327675337517,0.0275951543223038,72.4151382446289,65.88786315917969,0.0163528174684759,-0.0752580609237938,75.38999938964844,60.10759353637695,,,fwd_pe,0.2752677105077774,0.0552,74.5,73.58333,0.0456140350877192,11.0,0.0552,0.2275637846697276,0.055199999999999916,0.17526265279174802,0.29532530558349657
ESS,293.6099853515625,0.197479660800067,0.225189916110207,47.61812,28.12132321871244,24.161847542642104,32.953180835606744,288.2663903808594,262.23653762817383,0.0185370030950993,0.1196379726759251,298.3299865722656,244.89491271972656,0.0160757516984699,-0.1659176290394399,298.3299865722656,234.9773406982422,,,fwd_pe,-0.0395747879168685,0.0937,303.0,304.15,0.0319812510367931,8.0,0.0937,-0.4094407083120366,0.09370000000000012,-0.13020265134043707,-0.35410530268087437
ETN,408.6700134277344,0.379953458449049,0.3431409908771592,25.48819,26.680451593753055,22.760890749456053,32.22195040324088,415.84310424804687,377.4105470275879,-0.0172495124892916,0.0828261601228157,430.7568664550781,370.96728515625,0.0540456904143504,-0.0922571439858075,459.9599914550781,313.2000427246094,,,fwd_pe,0.6344240999458965,0.1863,487.0,477.3708,0.1916705018684146,22.0,0.1863,0.046777020798772107,0.1862999999999999,0.21404578988679157,0.24179157977358323
ETR,105.79000091552734,0.2047836901044201,0.2225648694534981,20.756243,19.239110190254134,16.207874376236617,21.181942686742666,110.79094879150392,103.88473804473875,-0.0451385959821301,0.0183401614775027,115.63967895507812,104.34709167480467,0.0931059453096676,-0.0136393726083319,116.66356658935548,84.7199935913086,,,fwd_pe,0.3035241975149354,0.1593,126.0,123.325,0.1910388402454994,21.0,0.1593,-0.07309284294589669,0.1593,0.11693173358641107,0.07456346717282192
EVRG,81.38999938964844,0.1610936043301752,0.1741549514995038,17.829018,16.30112846156063,14.77566325077022,17.406861641013272,84.02786163330079,79.03042541503906,-0.0313927094225487,0.0298565262962682,82.32148742675781,78.32432556152344,0.0114447480537498,-0.0376664682530383,87.40022277832031,68.38546752929688,,,fwd_pe,0.1615851753585082,0.0718,92.0,91.95455,0.1303600035620713,11.0,0.0718,-0.08569678590483065,0.07180000000000009,0.02587509243360131,-0.020049815132797466
EW,90.5,0.2455025059559692,0.3158828129823869,26.794966,36.228259542714,23.550372329254085,41.35928857521933,89.08520004272461,84.6820000076294,0.0158814253837547,0.0687040928632582,95.18000030517578,82.62999725341797,0.0517127105544286,-0.0869613563158235,95.18000030517578,72.6500015258789,,,fwd_pe,1.010416807395837,0.126,101.5,100.96154,0.1215469613259667,28.0,0.126,0.3520546935089972,0.1259999999999999,0.3242067924455654,0.5224135848911307
EXE,96.33000183105467,0.3086498256968294,0.2837079778766334,10.847534,4.411132623117865,2.5393325361988244,12.855013516021687,90.62179641723633,100.6031769180298,0.0629893208863012,-0.0424755481673986,106.77328491210938,93.1338119506836,0.1084115320517724,-0.0331795891167595,120.7623291015625,86.43071746826172,,,fwd_pe,-0.2344518118127124,-0.00059999997,123.0,125.0,0.2768607667600757,20.0,-0.00059999997,-0.5,-0.0005999999700000425,-0.25044999997750006,-0.500299999985
EXPD,187.8300018310547,0.3080849903438837,0.2605226951433359,23.693174,20.163071905816352,15.271296281791484,21.438058439668243,173.53539978027345,155.86019256591797,0.0823728303785897,0.2051185022860517,188.27000427246097,138.9937286376953,0.0023425567647175,-0.2600025167293859,188.27000427246097,111.96004486083984,,,fwd_pe,0.1539446762177156,0.0347,180.0,177.7143,-0.0416866408705967,14.0,0.0347,-0.14899236776734293,0.03469999999999995,-0.042381201464434914,-0.11946240292886978
EXPE,339.125,0.4908594059896526,0.4470727628680902,14.019397,20.072120910759477,16.868963056869582,39.061569178708694,281.35969909667966,255.20369956970217,0.2053076580931061,0.3288404540051621,339.125,223.8247833251953,0.0,-0.3399932670101133,339.125,187.70339965820312,,,fwd_pe,0.52232225109254,0.1588,330.0,336.22858,-0.0269074824917066,31.0,0.1588,0.43173924746973613,0.15880000000000005,0.4089497199839651,0.6590994399679304
EXR,146.25,0.2288118015731172,0.2651086854364659,30.361916,86.0292095166228,76.40753103022594,94.55525591319956,147.2929995727539,138.89380725860596,-0.0070811211379989,0.052962712208598,146.93821716308594,142.67999267578125,0.0047057583800746,-0.0244103064903846,152.85000610351562,122.39859771728516,,,fwd_pe,0.060988937588787,0.0478,158.0,158.2,0.0803418803418802,8.0,0.0478,0.5,0.047800000000000065,0.3097500000000002,0.5717000000000001
F,13.93000030517578,0.382245448043193,0.3608715107648391,7.280615,7.933673303421229,6.867349800998218,9.20505192544725,14.02165641784668,13.172638697624206,-0.0065367535717277,0.0574950566045793,14.097691535949709,13.216856956481934,0.012038135470221,-0.0511947834221421,17.253143310546875,10.901723861694336,,,fwd_pe,,0.0247,15.46,15.726,0.1098348644153108,22.0,0.0247,0.08969823338017857,0.024699999999999944,0.07065688987233454,0.11661377974466891
FDS,305.30999755859375,0.4677605993619814,0.320682618551754,15.497293,32.05145679705359,29.4382528362252,35.201298942787886,258.4007986450195,246.62635459899903,0.1815365864175062,0.2379455474456941,376.2303771972656,250.09718322753903,0.2322897389727998,-0.1808418157694246,376.2303771972656,188.16616821289065,,,fwd_pe,0.2978168509816521,0.10520001,246.5,255.0625,-0.1926238840158098,18.0,0.10520001,0.5,0.1052000099999999,0.3815000124999999,0.6578000149999998
FDX,334.04998779296875,0.2849823400303404,0.3095388644141051,16.028725,11.220461823219477,10.176264515440902,12.44829408644402,319.5094610595703,285.0778398132324,0.0455089082031516,0.1717851798365677,337.4830627441406,306.2200012207031,0.0102771294016617,-0.0833108444521589,339.3500061035156,177.1927947998047,,,fwd_pe,0.1228830115932488,0.17719999,359.5,356.37125,0.0761862389972729,14.0,0.17719999,-0.29997789448509005,0.17719999000000008,0.0006330028059655657,-0.17593398438806895
FE,46.56999969482422,0.1595759313945016,0.1807601241548402,15.789652,88.3896018859537,76.37607429541794,171.89293176355497,47.53438003540039,46.63896259307862,-0.0202880597129481,-0.0014786542071292,49.42996597290039,43.38984680175781,0.0614122030667316,-0.0682875867276384,50.875709533691406,41.38723373413086,,,fwd_pe,5.275319177395423,0.079,53.0,53.16667,0.1380717274492575,15.0,0.079,0.5,0.07899999999999996,0.3487499999999999,0.6185
FERG,236.4499969482422,0.3161183871401962,0.3059408647216889,18.80828,18.96118442388051,15.292046781171834,22.20299375338817,236.2347561645508,238.52708221435543,0.0009111308902465,-0.0087079640887346,239.86508178710935,220.6368408203125,0.014443158735226,-0.0668773792853595,265.6917419433594,207.6313934326172,,,fwd_pe,0.2385804018230268,0.1113,290.0,288.1,0.2264749576777522,14.0,0.1113,0.008129633538022096,0.11129999999999995,0.11581723087540197,0.12033446175080398
FFIV,379.0400085449219,0.350846347409338,0.2973766346410849,20.96836,22.643220545881885,20.358050718145854,27.856384749442135,403.4638018798828,320.1916505432129,-0.0605352778146681,0.1837910448379003,431.260009765625,223.9900054931641,0.1377691010011528,-0.4090597286734233,431.260009765625,223.9900054931641,,,fwd_pe,0.441527949729974,0.043,438.0,436.1,0.1555508392937641,13.0,0.043,0.07987561000869325,0.04299999999999993,0.08465513061953356,0.12631026123906697
FICO,1166.4000244140625,0.5446107467152768,0.4327335767631655,21.991154,49.978145592605586,34.12410729692982,66.52317348960295,1172.8109936523438,1332.7383459472655,-0.0054663277143373,-0.1248094361800442,1296.3599853515625,1090.8499755859375,0.1114197172644821,-0.0647719883802963,1879.550048828125,922.3699951171876,,,fwd_pe,0.5333770115019885,0.23030001,1530.0,1476.3184,0.3117283676057798,21.0,0.23030001,0.5,0.2303000100000001,0.5378750125000002,0.8454500150000002
FIS,41.400001525878906,0.3234249818678107,0.2816406926860801,6.17656,33.2450398996872,27.67851818567035,94.29446703767124,41.42639999389648,49.96824670791626,-0.0006372378005683,-0.1714738007943737,66.2082290649414,37.720001220703125,0.5992325271668171,-0.0888888929841085,69.51045989990234,37.720001220703125,,,fwd_pe,0.0296098475526831,0.0825,50.0,51.04348,0.2077294240857765,28.0,0.0825,0.5,0.08250000000000002,0.3531249999999999,0.62375
FISV,52.959999084472656,0.5726644551844295,0.4097645134577257,6.518202,25.739130278682463,23.737944162161675,28.082041944912863,51.4620002746582,58.80864999771118,0.0291088337378935,-0.0994522219684714,63.86000061035156,52.369998931884766,0.2058157423396684,-0.0111404864574643,140.0,47.18000030517578,,,fwd_pe,0.5565019310539931,0.1179,59.5,61.78571,0.1234894454038011,37.0,0.1179,0.5,0.11790000000000012,0.39737500000000026,0.6768500000000002
FITB,54.900001525878906,0.2640307204629853,0.2814805474638823,11.114688,10.241997274022356,8.688317708932868,11.718579257176213,56.43277145385742,49.807480068206786,-0.027160989766944,0.1022441097340876,59.369998931884766,46.83769989013672,0.0814207155148944,-0.1468543062233205,59.369998931884766,39.38264846801758,,,fwd_pe,0.6631009345471506,0.20899999,63.5,62.9,0.156648419582779,16.0,0.20899999,-0.07851688918102273,0.2089999899999999,0.16153653088265618,0.11407307176531223
FIX,1609.68994140625,0.5619954801677812,0.5256901747296796,26.748598,17.54766178957697,14.138798140360812,21.805665732724133,1778.6967309570311,1462.3943576049803,-0.0950172036690294,0.1007222046743268,2040.503173828125,1272.0225830078125,0.2676374010547087,-0.2097716769624876,2065.4404296875,688.0709838867188,,,fwd_pe,0.4836902479898197,0.22799999,2165.5,2197.0,0.3452901358805695,10.0,0.22799999,-0.34397826048389635,0.22799999000000004,0.016797339782778975,-0.1944053104344421
FOX,61.59000015258789,0.3404034044502505,0.2812051502681728,10.720627,11.036826203309417,8.966991712953279,13.20331393393324,51.986500091552735,56.77045486450195,0.1847306520754918,0.0848953086528738,67.39778900146484,50.99593734741211,0.0942975943251871,-0.1720094622329797,67.39778900146484,44.38999938964844,,,fwd_pe,0.4960936519850938,,,,,,,0.029494469242276278,,,
FOXA,69.20999908447266,0.3527173223317327,0.2881052881230031,11.86167,11.780902960781376,9.711701268205248,14.347885549068453,57.98719985961914,63.211742630004885,0.1935392509385298,0.0948914901710138,75.73847198486328,56.72175598144531,0.0943284639033508,-0.180439868057,75.73847198486328,48.790000915527344,,,fwd_pe,0.5194688437631463,-0.0137,76.0,75.32941,0.0981072244667995,18.0,-0.0137,-0.00680907825109156,-0.013700000000000045,-0.017057896939525752,-0.02041579387905168
FRT,117.54000091552734,0.1678217459036716,0.2040884715470324,38.013737,23.90709814245787,19.785320851622284,29.957331248692107,121.72742797851562,108.72122787475584,-0.034400029085699,0.081113626226982,124.68802642822266,100.84385681152344,0.0608135567212764,-0.1420464860809636,127.12999725341795,91.95884704589844,,,fwd_pe,-0.375345417894589,-0.25959998,134.5,133.25,0.1442912961746643,7.0,-0.25959998,-0.37109318816884884,-0.25959997999999995,-0.3969786819710397,-0.5343573839420794
FSLR,208.30999755859375,0.5310309951757423,0.561846820917122,9.013906,17.65349415098371,13.160774116706532,21.616473778107647,228.7290008544922,233.30320121765135,-0.0892715974783108,-0.1071275641680594,277.3900146484375,184.6999969482422,0.3316212274949157,-0.1133406984161213,318.25,184.6999969482422,,,fwd_pe,0.424774897807898,0.3117,271.0,273.538,0.3009457211662283,30.0,0.3117,0.5,0.3117000000000001,0.6396250000000001,0.9675500000000001
FTV,60.459999084472656,0.2663109525445219,0.2516240676332918,18.609203,23.434664879316163,21.62236486162458,27.18120352860073,61.07783111572266,57.66390745162964,-0.0101154874029402,0.048489458248879,61.79150390625,58.142784118652344,0.0220229050932834,-0.0383264141731589,64.08999633789062,46.822757720947266,,,fwd_pe,0.7190106422075142,0.0767,64.0,64.30769,0.0585511242000083,15.0,0.0767,0.25930513409500455,0.07669999999999999,0.21629691894004588,0.3558938378800913
GD,383.7699890136719,0.219633744633878,0.2083486412284203,20.690897,18.23264782991536,17.11523751054151,20.05142469399131,374.1520349121094,350.9164109802246,0.0257060050570667,0.0936222331172156,395.9700012207031,337.6883544921875,0.0317899068616243,-0.1200761806307962,395.9700012207031,311.1605529785156,,,fwd_pe,0.1302723608357821,0.090900004,430.0,420.02475,0.1204628092601611,20.0,0.090900004,-0.1188082454851831,0.09090000400000009,0.026096046262490402,-0.038707911475019174
GDDY,100.5199966430664,0.4596852739267653,0.3562690787070484,9.115393,23.756309162599056,15.765891851380813,32.23061049768084,89.49539962768554,97.59914985656738,0.1231861867899899,0.0299269695565127,148.8800048828125,79.29000091552734,0.4810983869355494,-0.2112017154449781,148.8800048828125,74.98999786376953,,,fwd_pe,0.6385587544058715,0.146,100.0,104.8,-0.0051730666577004,13.0,0.146,0.5,0.1459999999999999,0.4324999999999999,0.7189999999999999
GEHC,74.19000244140625,0.353298553604649,0.3334135576693377,13.712936,19.268833986625143,17.390737401724962,22.44092607655541,66.82932754516601,72.77487730026245,0.1101413880195876,0.0194452425567841,74.62783813476562,70.8751220703125,0.0059015457467488,-0.0446809578381099,88.03240966796875,59.451412200927734,,,fwd_pe,0.2465944565044278,0.098000005,83.0,82.5,0.1187491207531865,19.0,0.098000005,0.4051574357690537,0.09800000500000006,0.3204314382501041,0.5428628715002082
GEN,29.11000061035156,0.3479257042643162,0.3140132456694547,8.818326,17.75290677501897,11.415242707287824,22.183018426100418,26.441519088745117,24.183631353378296,0.1009201291593828,0.2037067628507778,30.9621639251709,24.952091217041016,0.0636263578146647,-0.1428343973250205,30.9621639251709,17.716535568237305,,,fwd_pe,0.930456188623555,0.1305,31.0,32.107,0.0649261198907824,11.0,0.1305,0.5,0.13050000000000006,0.41312499999999996,0.6957500000000001
GIS,40.91999816894531,0.2771781966895259,0.2315376670575672,12.743693,14.629402957217048,13.404403919882489,15.570779802249962,36.497812576293946,39.0933340549469,0.1211630308914366,0.0467257182882119,46.43243789672851,31.62261390686035,0.1347126093462698,-0.2272088142257264,48.11629867553711,31.62261390686035,,,fwd_pe,,0.0432,37.0,37.55556,-0.0957966359812851,18.0,0.0432,0.14797201699829454,0.043199999999999905,0.12038220406631028,0.19756440813262066
GL,173.1300048828125,0.2003344940534288,0.4185721403377024,10.481141,10.308725002860832,8.776031986153505,12.025298915362962,178.00667236328124,151.68518211364747,-0.0273959813737559,0.1413771765332876,186.02000427246097,149.59597778320312,0.0744527177618539,-0.1359326889382287,186.02000427246097,129.57260131835938,,,fwd_pe,0.0982872952477218,0.0514,192.0,193.90909,0.1089932107953219,11.0,0.0514,-0.016450117133160136,0.05140000000000011,0.04275217342309778,0.034104346846195455
GLW,145.5500030517578,0.7012190010805408,0.4695205117314484,33.68839,42.52006951653662,23.563312210121993,49.52856672221217,173.48759994506835,140.71732513427733,-0.1610351224073447,0.0343431621718859,159.88607788085938,84.9410400390625,0.0984958744659292,-0.4164133407207326,255.69000244140625,65.05880737304688,,,fwd_pe,0.9910043192921952,0.3213,200.0,191.4,0.3740982192139128,16.0,0.3213,0.2621579575793507,0.3212999999999999,0.4944946546747979,0.6676893093495959
GM,86.9800033569336,0.3408204946597726,0.3406711454259229,5.857989,6.567583471431846,5.222984610160807,9.83542758138884,82.265,78.93352989196778,0.0573148162272363,0.1019398660617181,90.3000030517578,77.45829772949219,0.0381696892008633,-0.1094700535750483,90.3000030517578,54.99004364013672,,,fwd_pe,5.6286155539042495,0.1091,101.5,101.19231,0.1669348825325027,25.0,0.1091,0.12113277635581876,0.10909999999999997,0.17627418112811943,0.24344836225623845
GNRC,203.55999755859375,0.5410323458906308,0.4557392468274613,17.221323,36.639144150853525,28.961965812159384,49.78782909590433,232.28880065917969,206.92470024108889,-0.1236770908414891,-0.0162605173697237,236.5800018310547,185.5,0.1622126383792881,-0.0887207593593887,295.5400085449219,136.3699951171875,,,fwd_pe,1.7172943100829126,0.21260001,284.0,283.875,0.3951660611424992,20.0,0.21260001,0.5,0.21260001000000006,0.5157500125000001,0.8189000150000001
GPC,135.69000244140625,0.3292265073112478,0.3063365514097512,16.338764,18.478025056110837,15.207932974109056,23.33559334001733,123.9026007080078,117.85217655181884,0.0951344174056276,0.1513576279326858,146.31109619140625,120.13860321044922,0.0782746964323064,-0.1146097645452726,146.31109619140625,91.473388671875,,,fwd_pe,32.21915905021946,0.0731,132.5,140.375,-0.0235094876852387,9.0,0.0731,0.13093163326863877,0.07309999999999994,0.143351367830288,0.2136027356605763
GPN,94.3000030517578,0.4048198297215124,0.366054789561663,5.8846145,20.110065906078784,15.541998751751787,29.07754710877922,80.07960006713867,74.59810031890869,0.1775783467037393,0.2641072982907475,94.83000183105467,70.74742126464844,0.0056203474246547,-0.2497622590126771,94.83000183105467,62.231346130371094,,,fwd_pe,6.594711259335679,0.1711,95.0,102.28571,0.0074230851069854,34.0,0.1711,0.5,0.17110000000000003,0.46387500000000004,0.75665
GRMN,291.25,0.3420072722864568,0.3400415586887634,26.510315,19.785794757661364,16.006688435042935,23.42724899953133,264.1557992553711,233.4027203369141,0.1025690173034425,0.2478432109942168,313.1600036621094,225.00335693359375,0.0752274803849248,-0.227456285206545,313.1600036621094,184.7714385986328,,,fwd_pe,0.1326072134563471,0.0872,295.0,290.2857,0.0128755364806867,8.0,0.0872,-0.2536567461510222,0.08719999999999994,-0.05068780720769572,-0.1885756144153914
GWW,1321.9000244140625,0.2342628728883365,0.228325962232595,25.89722,21.95954512233897,17.925805211131628,26.94281388699274,1341.379111328125,1156.8559487915038,-0.0145216864863624,0.1426660560417829,1399.29736328125,1037.8201904296875,0.0585500699279388,-0.2149026618789076,1399.29736328125,912.8151245117188,,,fwd_pe,0.300817616717161,0.0988,1352.5,1332.5714,0.0231484794771079,19.0,0.0988,-0.1520500994956614,0.0988,0.015263675337083615,-0.06827264932583277
HAL,34.630001068115234,0.3631259219751734,0.3496794343539665,11.909593,13.227533314326038,11.603579167342438,16.414918055479554,34.079799766540525,34.22271372795105,0.0161444992442383,0.011901082520862,40.24877166748047,25.22808265686035,0.1622515283298269,-0.2714963361612911,42.79792785644531,21.259729385375977,,,fwd_pe,0.5223771290924888,0.2369,43.0,43.2,0.2416979114560653,25.0,0.2369,0.11066207840402598,0.2368999999999999,0.30533896238896974,0.3737779247779396
HAS,95.41000366210938,0.306737535154929,0.3349000601813429,14.620631,32.67074219168049,20.28671542080966,47.48022393004535,86.81816329956055,87.46066604614258,0.0989636273794831,0.0908904308111817,96.26337432861328,87.2159194946289,0.0089442472880105,-0.0858828618904521,103.58265686035156,68.73262786865234,,,fwd_pe,0.1611585026665403,0.0586,110.5,109.64286,0.1581594776091952,15.0,0.0586,0.5,0.058599999999999985,0.32325000000000004,0.5878999999999999
HBAN,17.040000915527344,0.2654676428327754,0.2876290543303342,9.07822,9.574665007044056,7.946680989758722,10.985682875019917,17.582283973693848,16.719391622543334,-0.030842583305892,0.0191758946869646,18.559999465942383,15.21263027191162,0.089201788072087,-0.1072400554832464,18.905208587646484,14.743136405944824,,,fwd_pe,0.4438616821359253,0.1777,20.0,20.3,0.1737088571266107,17.0,0.1777,0.05468528048935317,0.17769999999999997,0.20990142741615547,0.2421028548323112
HCA,429.239990234375,0.3052950983477528,0.2767156177274721,13.368293,13.272993603567103,12.000081072545017,14.438242477707297,397.62431091308594,453.3648616027832,0.0795114344208187,-0.053212927184342,513.2901000976562,363.6000061035156,0.1958114615960826,-0.1529214090584114,543.231689453125,360.5973205566406,,,fwd_pe,0.0763932986806916,0.0888,435.0,451.4762,0.0134190893129038,22.0,0.0888,-0.00712876329333112,0.08879999999999999,0.08491910126311053,0.08103820252622107
HD,337.42999267578125,0.2536339499245153,0.2277350111025681,21.038593,21.35333464818861,17.67691815384992,24.878979466452368,340.3053973388672,342.6810968017578,-0.0084494829807906,-0.0153235885346029,348.376953125,325.60858154296875,0.0324421678180135,-0.035033670359502,414.79388427734375,295.29510498046875,,,fwd_pe,0.1215817521637498,0.0679,379.0,377.5,0.1231959464971483,34.0,0.0679,0.014960204239352404,0.06790000000000007,0.07588800105360227,0.08387600210720447
HIG,138.97999572753906,0.1924833382564262,0.2007628030181342,10.152751,9.4892378360177,8.738327599144554,11.005126475678075,137.65279998779295,135.1896585083008,0.0096416181862175,0.0280371831770367,139.73736572265625,130.7400360107422,0.0054494892675198,-0.0592888183199455,145.67999267578125,120.73269653320312,,,fwd_pe,-0.0546339607856039,0.0729,149.0,149.85,0.0720967375197254,23.0,0.0729,-0.06535304214417348,0.07289999999999996,0.03784136054175802,0.002782721083516293
HII,294.6300048828125,0.3813097521537058,0.365883853493393,14.140043,14.09534563146959,12.386886418214315,17.300264466364638,296.7186010742187,347.21766830444335,-0.0070389796387716,-0.1514544570223931,451.7787780761719,268.760009765625,0.5333766778297562,-0.0878050255861657,451.7787780761719,263.9292297363281,,,fwd_pe,0.2410107239419285,0.1241,367.0,368.08334,0.2456300917008513,11.0,0.1241,-0.0031610489819875465,0.1241000000000001,0.12232333241967397,0.12054666483934784
HLT,330.07000732421875,0.2370387620667944,0.2295951827544367,31.56692,34.08142671126579,31.642400199766797,39.664972841350085,329.5015594482422,310.3172854614258,0.0017251750702742,0.0636533083660539,342.57470703125,291.2818603515625,0.0378849923639024,-0.1175149092978803,350.06060791015625,256.247314453125,,,fwd_pe,0.5399410205366886,0.1568,361.5,352.84616,0.0952222012856456,26.0,0.1568,0.07965638431832422,0.15680000000000005,0.20287325268971879,0.24894650537943752
HOOD,103.62000274658205,0.7128458489030193,0.6742478775264165,31.903004,21.089743345211716,13.15705134318425,45.652437907893486,100.53740020751952,95.91572498321533,0.0306612517600384,0.0803234064561875,117.5500030517578,71.12000274658203,0.1344335064267818,-0.3136460059693642,152.4600067138672,65.16000366210938,,,fwd_pe,0.4371549462865627,0.3001,123.5,119.93077,0.1918548226835839,20.0,0.3001,-0.3389417703357428,0.30010000000000003,0.07977090219325045,-0.14055819561349914
HPE,52.43000030517578,0.5262350943653156,0.451617210796962,12.887353,10.081388653387542,8.779161334655445,18.849197662237916,49.14512977600098,31.766614866256713,0.0668402045970157,0.6504748940331135,55.986202239990234,41.22999954223633,0.0678276161379956,-0.2136181708515804,59.81999969482422,19.715137481689453,,,fwd_pe,2.8021769094087827,0.185,67.0,65.24158,0.2778943278660615,20.0,0.185,-0.2177300758823365,0.18500000000000005,0.055994930039715785,-0.0730101399205687
HPQ,28.579999923706055,0.4338587884996116,0.3686848379670952,9.535948,9.403941670402151,8.318648309064057,10.417593658947554,25.930799980163577,22.235680246353148,0.1021642195986647,0.2853215915619866,28.98707389831543,24.547292709350582,0.0142433161545154,-0.1411024221525797,31.299999237060547,17.69399070739746,,,fwd_pe,0.1100296478126767,-0.0124,24.5,23.4125,-0.1427571705597468,16.0,-0.0124,-0.013843021123631116,-0.012399999999999967,-0.01923568383084906,-0.02607136766169804
HRL,24.09000015258789,0.3040023682683697,0.2698742048117301,15.424807,23.567363685529855,21.02142872453547,27.41894294475687,24.794125213623047,22.968397541046144,-0.0283988668673931,0.0488324276666389,25.13640022277832,21.490869522094727,0.0434371134729121,-0.1078925119979274,27.791723251342773,19.506120681762695,,,fwd_pe,0.83737631206666,0.043899998,27.0,27.25,0.1207970041087567,10.0,0.043899998,0.5,0.04389999800000011,0.30487499750000024,0.5658499970000002
HSIC,89.51000213623047,0.2596635175176398,0.2614873538506811,14.922437,22.46229578237065,20.834399367232457,23.97704827980917,85.82439987182617,78.28349998474121,0.0429435250337728,0.1434082808468897,90.73999786376952,73.13999938964844,0.013741433339115,-0.1828846202200685,90.73999786376952,62.029998779296875,,,fwd_pe,0.7487900937360297,0.1157,101.0,98.1875,0.1283655188196983,17.0,0.1157,0.5,0.11569999999999991,0.394625,0.6735499999999999
HST,23.190000534057617,0.2498333100525931,0.2614438694434415,22.070791,14.813846048682628,13.401828245683149,16.112647634564023,23.777895050048823,19.96860230922699,-0.0247244137781659,0.1613231699918276,25.540000915527344,22.760000228881836,0.1013367972121621,-0.0185424879376034,25.540000915527344,14.786755561828612,,,fwd_pe,-0.2948255003638066,-0.2328,25.0,25.06533,0.0780508591745894,5.0,-0.2328,-0.3288031204372046,-0.2328,-0.35892887699971165,-0.4850577539994234
HSY,189.94000244140625,0.2734494090505232,0.2589585178069939,19.247644,24.15222091291418,18.1214975928432,27.494823380021856,177.53268646240235,189.30933517456057,0.0698875019932259,0.0033314113446343,196.2767333984375,179.2122802734375,0.033361750424248,-0.0564795305363761,232.64810180664065,157.55873107910156,,,fwd_pe,0.3462783808761216,0.16239999,200.0,205.5238,0.0529640803900544,22.0,0.16239999,0.2548144028907735,0.16239998999999994,0.3104981196860457,0.458596249372091
HUBB,466.760009765625,0.3181488444596929,0.310627905333153,20.402124,22.572497813800595,19.80371621375193,25.75416270107816,494.5064031982422,483.5038314819336,-0.056109270280761,-0.0346301737981868,468.3205261230469,465.9796447753906,0.0033432948941052,-0.0016718762831164,556.1785278320312,403.6968994140625,,,fwd_pe,0.3561357141050607,0.1183,565.0,564.8182,0.2104721659503443,11.0,0.1183,0.10637979721133917,0.11830000000000007,0.17778226361072047,0.23726452722144065
HUM,386.6099853515625,0.4857450588076983,0.426495335775301,23.3347,24.288333129882812,22.173676382977032,28.16483185321861,383.4524249267578,271.83370948791503,0.0082345558915366,0.4222297377314423,409.4200134277344,244.10899353027344,0.0590001007227727,-0.3685910794355357,409.4200134277344,162.4596710205078,,,fwd_pe,0.567457906036932,0.8102,415.0,418.6087,0.0734332162233759,26.0,0.5,0.04086759760711778,0.5,0.5306506982053385,0.5613013964106766
HWM,263.2900085449219,0.3112261865822837,0.3285804818083744,41.01742,30.487490129900408,26.157961256517087,35.36094035202694,278.04081176757813,242.8725737762451,-0.0530526548562476,0.0840664487192657,264.8652038574219,246.4308624267578,0.0059827386584296,-0.0640326088002218,292.6499938964844,170.6447296142578,,,fwd_pe,0.3804258288307747,0.2006,340.0,336.628,0.2913516995157454,20.0,0.2006,-0.25671848375884176,0.2006000000000001,0.04649189419956756,-0.10761621160086532
IBKR,93.0500030517578,0.3885450542694967,0.3661146571989865,29.229021,17.250877888997397,14.942155733730848,21.24806180730596,91.88559982299805,77.67631683349609,0.012672314606454,0.1979198659897347,97.41000366210938,63.62555313110352,0.0468565337706261,-0.3162219124730963,97.41000366210938,59.96077728271485,,,fwd_pe,0.2632857597248981,0.1732,109.5,106.13333,0.1767866352362406,12.0,0.1732,-0.4098030895732909,0.17320000000000002,-0.06719049234369245,-0.30758098468738493
IBM,231.0399932861328,0.4827272229756633,0.3470317872800423,17.553017,25.28817331632201,18.760334766967393,57.14891221788194,245.09434936523436,262.0248938751221,-0.0573426360726009,-0.11825174368263,252.00418090820312,220.1389923095703,0.0907383493389695,-0.0471823116920805,326.8851013183594,204.3044281005859,,,fwd_pe,0.1679156352437874,0.0683,245.0,244.91217,0.0604224684882948,24.0,0.0683,0.4406738919196631,0.06830000000000003,0.30368595936888787,0.5390719187377762
ICE,162.99000549316406,0.2453142805583412,0.2009463925067147,18.514711,28.941845026131936,26.32331289921789,33.841155509581256,143.09099975585937,154.00137283325196,0.1390653903547827,0.0583672242301678,167.16912841796875,152.10508728027344,0.0256403631140436,-0.0667827341925401,178.38970947265625,122.91000366210938,,,fwd_pe,0.2398972363111691,0.0805,181.0,185.35715,0.1104975391119382,13.0,0.0805,0.5,0.08050000000000002,0.35062499999999996,0.6207500000000001
IEX,233.69000244140625,0.2257683751480683,0.2415518583391193,24.389736,27.168362952188893,25.22032670913988,29.53463954598223,227.6982666015625,202.01728454589843,0.0263143673830787,0.1567822177528168,240.52000427246097,182.24220275878903,0.0292267609213072,-0.2201540465793646,240.52000427246097,156.94696044921875,,,fwd_pe,0.376650817376621,0.086,258.0,254.5,0.1040266905071776,15.0,0.086,0.11392607743638128,0.08600000000000008,0.1478618600479551,0.20972372009591012
IFF,85.80999755859375,0.3581330073666867,0.3032449795085324,21.692362,94.33315879420232,83.93916481419615,99.482690911544,79.61873382568359,73.10602807998657,0.0777613940265018,0.1737745821002276,88.06999969482422,73.7699966430664,0.0263372823742042,-0.1403100018422218,88.06999969482422,58.52887725830078,,,fwd_pe,,0.22,95.5,95.65556,0.1129239333073004,17.0,0.22,0.5,0.21999999999999997,0.5249999999999999,0.8300000000000001
INCY,127.9800033569336,0.3296413456213574,0.3218325340564956,14.31547,24.149056920465434,13.502729775939084,47.199013358668275,116.60220001220704,103.77650005340575,0.0975779474446916,0.2332272074224142,129.92999267578125,95.16000366210938,0.0152366718838814,-0.2564463106262774,129.92999267578125,81.66000366210938,,,fwd_pe,0.1388508375903829,1.5694001,127.5,127.125,-0.00375061216083,19.0,0.5,0.5,0.5,0.875,1.25
INVH,30.459999084472656,0.2115360952617964,0.2126306217305052,44.586918,39.73984976072569,33.06552068275564,44.63117555301622,29.83266075134277,27.420177125930785,0.0210285746336471,0.1108607703218358,30.59000015258789,28.12244987487793,0.0042679275122337,-0.0767416047227105,30.59000015258789,23.85213851928711,,,fwd_pe,-0.37324773154314,-0.1415,34.0,33.52174,0.1162180243574564,4.0,-0.1415,-0.10871054687552761,-0.14149999999999996,-0.18816400224632024,-0.2348280044926404
IP,41.040000915527344,0.431825137030235,0.3692598998971454,13.726671,26.00810421500236,9.262416420913326,34.99660005994663,38.842771682739254,37.38664361000061,0.0565672617478139,0.0977182478223182,46.78232955932617,37.61876678466797,0.1399202854702237,-0.0833634028883504,47.447872161865234,28.62221336364746,,,fwd_pe,,1.2242,48.0,48.0,0.169590617183426,12.0,0.5,0.5,0.5,0.875,1.25
IQV,260.239990234375,0.4139899829077906,0.3668210714751521,17.996971,29.562413512597523,26.592363728529943,33.58511370874056,214.54579956054687,199.76934959411625,0.212981054709173,0.3027022952375864,260.239990234375,176.69000244140625,0.0,-0.3210497653251628,260.239990234375,156.66000366210938,,,fwd_pe,6.230105554984782,0.1153,278.0,275.16666,0.0682447372889545,21.0,0.1153,0.5,0.11529999999999996,0.39412499999999984,0.6729499999999999
IR,79.98999786376953,0.328582419868852,0.3036527227489407,20.419832,39.593804779762955,33.24233165745065,50.18835265699501,81.73578338623047,81.97464923858642,-0.0213588889729174,-0.0242105503744283,84.09652709960938,76.90029907226562,0.0513380340731306,-0.0386260641832488,98.68746185302734,68.5238265991211,,,fwd_pe,0.6187067552759493,0.1017,95.0,96.25,0.1876484877746078,14.0,0.1017,0.5,0.1016999999999999,0.37712499999999993,0.6525499999999997
IRM,121.19000244140624,0.3297836868499391,0.302248668720089,44.367565,100.71994623665135,25.732920295313782,174.51033670394148,124.552919921875,107.68768115997314,-0.0269999088144872,0.125384084195991,131.16326904296875,115.45999908447266,0.0822944665454927,-0.0472811555532723,133.05999755859375,77.69111633300781,,,fwd_pe,0.923591704886216,0.1016,144.5,144.6,0.192342578504888,6.0,0.1016,0.5,0.10159999999999991,0.3769999999999998,0.6523999999999999
IT,202.77999877929688,0.5479735008145267,0.4122338006896509,12.327591,30.048736682437383,27.985922658299824,32.55608825821308,153.22460037231446,179.24774997711182,0.3234167247724562,0.1312833706709841,254.58999633789065,144.97000122070312,0.2554985593770669,-0.2850872763911661,264.0899963378906,125.7300033569336,,,fwd_pe,0.4779227344580137,0.1349,184.0,185.15385,-0.0926126782342906,15.0,0.1349,0.5,0.13490000000000002,0.418625,0.70235
ITW,283.95001220703125,0.2144495772655511,0.1983483399795727,22.905678,21.6955194391017,20.114589857301784,22.99255138357215,277.6394757080078,263.0949181365967,0.0227292480038401,0.0792683272567309,295.92510986328125,253.0475921630859,0.0421732598747657,-0.1088304938033036,297.32000732421875,236.5846710205078,,,fwd_pe,0.1228704952544952,0.08270001,300.0,301.85715,0.0565239905017735,13.0,0.08270001,-0.05283225237420608,0.08270000999999993,0.05409926991306224,0.02549852982612455
IVZ,32.45000076293945,0.3383910714848767,0.3533949324677697,9.949929,11.803330351042266,10.409701430557558,12.839954846711604,29.414234733581544,26.451992321014405,0.1032073775454047,0.2267507252056781,32.56999969482422,25.6981201171875,0.0036979639156684,-0.208070276949366,32.56999969482422,20.886268615722656,,,fwd_pe,,0.1619,33.5,33.375,0.0323574487634443,13.0,0.1619,0.18627282175001114,0.16189999999999993,0.27011519579566867,0.37833039159133786
J,151.61000061035156,0.3286269239028704,0.2651039437391285,18.357277,19.841633072818617,18.057441424435183,23.5869710225178,133.44100799560547,132.1657573699951,0.1361574892730459,0.1471201287480441,162.70654296875,127.41255950927734,0.0731913614783059,-0.1596031990215695,162.70654296875,106.67115783691406,,,fwd_pe,1.7347187711990184,0.138,163.0,162.53333,0.0751269661882103,16.0,0.138,0.08085927301846652,0.1379999999999999,0.18400892634750754,0.23001785269501474
JBHT,259.8800048828125,0.3902762402614202,0.335489227646591,25.69147,24.853003350015697,21.171963786670755,28.360111231099243,278.0631677246094,232.3364352416992,-0.0653922020330477,0.1185503668955743,297.90753173828125,196.9405975341797,0.1463272515814231,-0.2421864174468291,297.90753173828125,129.58937072753906,,,fwd_pe,0.4409429666733744,0.2927,317.5,305.45456,0.2217176929143511,23.0,0.2927,-0.03263599358013769,0.29269999999999996,0.2716057255494779,0.2505114510989559
JBL,304.8900146484375,0.4591848620884821,0.429486615387755,18.109259,11.524270791076823,9.442138146699891,18.351309323231646,339.77325439453125,288.4072103118896,-0.1026662319500543,0.0571511520766869,385.5466918945313,240.98350524902344,0.2645435185507709,-0.2096051242383367,385.5466918945313,192.3445281982422,,,fwd_pe,1.107151374885079,0.31219998,450.0,441.44443,0.4759420721563672,10.0,0.31219998,-0.36362549174006387,0.31219997999999993,0.07362529850559896,-0.16494938298880202
JCI,142.99000549316406,0.2943240684255806,0.2853413809565188,23.700642,21.949003708850057,20.10296867007301,25.248615978644914,145.1695993041992,133.3592207336426,-0.0150141201841293,0.0722168643948286,144.6128387451172,133.54049682617188,0.0113492774991934,-0.0660850989857745,154.75999450683594,104.72649383544922,,,fwd_pe,0.6994844696612015,0.1898,161.0,163.10526,0.1259528205815541,21.0,0.1898,-0.07390678662417416,0.18979999999999997,0.14583285263727874,0.10186570527455752
JKHY,170.50999450683594,0.280901742438194,0.2302717652040898,21.751497,30.69380984479565,28.17184818901031,33.199124973312564,147.577999420166,158.86052764892577,0.1553889819401925,0.0733314123421202,191.0437469482422,154.42205810546875,0.1204255064390553,-0.0943518674544453,191.0437469482422,123.41999816894533,,,fwd_pe,0.1230659664481943,0.0847,196.0,190.53333,0.1494927354076134,10.0,0.0847,0.41111252456764924,0.0847,0.3076668776992644,0.5306337553985292
KEY,21.8700008392334,0.2368090397404543,0.3209392351503545,10.235458,10.37225500818645,8.666495832838766,11.50813660268008,22.886800079345704,20.99265069961548,-0.0444273221501996,0.0417932043062094,22.01195526123047,20.546470642089844,0.0064908283744742,-0.0605180679631811,23.989999771118164,16.271377563476562,,,fwd_pe,0.2495263035615993,0.1685,25.0,26.02105,0.1431183832033322,15.0,0.1685,0.013365010943960698,0.1685000000000001,0.17630850764400918,0.18411701528801827
KEYS,310.6600036621094,0.4377375734826964,0.3661799806257403,22.759125,31.14855078547322,26.685702457847533,36.09923366282396,332.28560119628906,282.18124923706057,-0.0650813560874247,0.1009236244507649,313.2699890136719,269.4100036621094,0.0084014205909854,-0.1327818177870935,373.3399963378906,159.49000549316406,,,fwd_pe,0.8445824696687592,0.187,417.5,415.08334,0.3439129436633097,12.0,0.187,0.36861811627086793,0.18700000000000006,0.40577485200676033,0.6245497040135204
KHC,25.670000076293945,0.2771846334656249,0.2392861256544163,12.269499,14.185471843998172,13.368184432322844,15.553643690978046,25.031799964904785,23.48976506233215,0.0254955741210753,0.0928163822914509,27.6200008392334,22.555118560791016,0.0759641899939167,-0.1213432608587913,27.6200008392334,20.832427978515625,,,fwd_pe,,0.0194,25.0,25.08824,-0.0261005093222685,19.0,0.0194,0.15615738213908914,0.019400000000000084,0.09899341767629388,0.17858683535258746
KIM,24.219999313354492,0.1802050080426938,0.2253412486564537,27.091722,29.4660793651234,22.17640353412163,96.50827050209044,25.13020000457764,22.58946286201477,-0.0362193970226001,0.072181284756511,25.90999984741211,22.750938415527344,0.0697770677939606,-0.0606548695076607,26.3799991607666,19.18925094604492,,,fwd_pe,0.039534880802335,0.051799998,26.5,26.96591,0.0941371078152077,5.0,0.051799998,0.08764143398206281,0.0517999979999999,0.09789062804352522,0.14398125808705076
KKR,107.31999969482422,0.3881644914703147,0.3881051172322166,14.5271635,32.73452316842428,14.769838141928677,50.68493052425548,100.20475326538086,105.78818893432616,0.0710070749897406,0.014479979059373,141.96151733398438,88.77130889892578,0.3227871574512391,-0.1728353601252665,148.26519775390625,83.55693817138672,,,fwd_pe,1.352719441754751,0.1699,126.0,126.626,0.1740588926415798,22.0,0.1699,0.5,0.16989999999999994,0.462375,0.7548499999999998
KMI,31.0,0.2015948596348749,0.213167883454867,20.15985,14.183295486319778,13.389631692129324,18.5995418659962,31.815091590881348,30.351247758865355,-0.0256196525021151,0.0213748128672948,32.88264465332031,30.56431579589844,0.060730472687752,-0.0140543291645665,33.99227523803711,24.860599517822266,,,fwd_pe,1.957134452885314,-0.013200001,36.0,35.80952,0.1612903225806452,16.0,-0.013200001,-0.29645828285826636,-0.013200000999999961,-0.15947251761403947,-0.30574503422807897
KR,59.08000183105469,0.2813723715648779,0.251921522084816,10.662604,14.735883824965534,14.051783407056654,17.896013010561077,57.71768684387207,63.59442945480347,0.0236030766594599,-0.0709877840315743,66.40508270263672,58.275245666503906,0.1239857929004275,-0.0136214647868844,74.69134521484375,55.15158462524414,,,fwd_pe,2.2402694501268168,0.0624,71.5,70.5,0.2102233883550235,22.0,0.0624,0.3820154837378875,0.06240000000000001,0.2653266249615658,0.4682532499231318
KVUE,19.43000030517578,0.3238480120000894,0.2879481952066142,15.67125,27.169511192723323,22.72799295291566,32.677986003734446,18.87939754486084,17.45619716644287,0.0291642124176161,0.1130717715842071,19.611400604248047,16.644472122192383,0.0093360934751989,-0.1433622305317919,20.617843627929688,13.462181091308594,,,fwd_pe,0.4586471404642258,0.051799998,19.0,19.5,-0.0221307410407625,15.0,0.051799998,0.5,0.0517999979999999,0.3147499974999999,0.5776999969999999
L,111.4499969482422,0.1620692869490298,0.1744140223916589,38.43103,11.84296332729774,10.602199358204228,14.84101594552486,113.5958934020996,108.41019104003908,-0.0188906164614728,0.0280398538093198,112.0624008178711,103.94163513183594,0.0054948756069801,-0.0673697803679004,119.3331069946289,95.43043518066406,,,fwd_pe,-0.6441717278980033,,,,,,,-0.5,,,
LDOS,138.42999267578125,0.3365569723751067,0.2863984349694515,10.8295145,17.55031924093923,15.357095332445356,21.316809025615584,117.9736001586914,155.01912174224853,0.1733980525267777,-0.1070134373103348,197.1530303955078,100.0,0.4242074754512381,-0.2776131959046524,197.90625,100.0,,,fwd_pe,0.1946410894043311,0.0309,160.0,156.6,0.1558188865525562,17.0,0.0309,0.5,0.030899999999999928,0.2886249999999999,0.5463499999999999
LEN,88.16000366210938,0.3720110688260135,0.3415624020578527,13.6038885,8.643167138707437,6.169604891129122,12.357801094828243,86.38450149536133,99.00538234710692,0.0205534804972322,-0.1095433240889299,93.89012908935548,83.93187713623047,0.0649968828178357,-0.0479596909056859,139.58924865722656,81.8121566772461,,,fwd_pe,0.0157523710959555,0.1696,85.0,86.23077,-0.0358439601956087,11.0,0.1696,-0.36465466188528106,0.16959999999999997,-0.04365004627051239,-0.25690009254102475
LH,339.3399963378906,0.2330034885605452,0.2251981399961719,17.139925,24.06514512850347,17.93800823673147,27.25060617831016,293.7413995361328,271.4863377380371,0.1552338106707658,0.2499339715036672,339.3399963378906,254.42999267578125,0.0,-0.2502210307610247,339.3399963378906,244.6937713623047,,,fwd_pe,0.6402833734686701,0.0792,350.0,341.5,0.031413932271912,18.0,0.0792,0.40404028188591656,0.07919999999999994,0.2972201361056406,0.515240272211281
LHX,262.8299865722656,0.2848144321477103,0.2389042565167203,19.524597,29.19486280058014,26.562840597970144,34.96303760489945,289.19519958496096,313.9804383850098,-0.0911675333841413,-0.1629096770354283,298.1781005859375,262.8299865722656,0.134490415171683,0.0,375.644287109375,262.8299865722656,,,fwd_pe,0.3597456070412106,0.1221,350.0,341.72726,0.3316593154554943,9.0,0.1221,0.4952863201519673,0.1221000000000001,0.3999803899212613,0.6778607798425227
LMT,564.1400146484375,0.278676188486256,0.2443771926461373,17.243256,19.03856540581878,15.877635651067164,20.936138844040155,548.8577990722656,548.9892976379394,0.0278436702584958,0.0275974724383243,672.2987670898438,503.2156982421875,0.1917232418069279,-0.1079950275185088,672.2987670898438,434.0460510253906,,,fwd_pe,0.2068078093835643,0.0733,620.0,632.9474,0.0990179457246505,21.0,0.0733,0.10411661265243533,0.07329999999999992,0.12917418017992932,0.18504836035985872
LNT,68.41999816894531,0.1648058041670264,0.1811734527234336,18.563688,18.269960172883756,17.0759984755796,19.7648895773918,72.78864471435547,69.4599545288086,-0.0600182427156603,-0.0149720276512987,73.5010757446289,67.68475341796875,0.0742630475250407,-0.0107460504333991,77.44111633300781,61.70124053955078,,,fwd_pe,0.1663575147352187,0.0774,78.0,78.54167,0.1400175692404928,13.0,0.0774,-0.015822708672772468,0.07739999999999991,0.06887630683797741,0.0603526136759549
LOW,216.97999572753903,0.2709954080624571,0.2474798915882872,16.568495,18.301329907519428,16.40408653947403,19.697724588969933,215.14621704101563,235.15561965942385,0.0085234066010737,-0.0772918969923344,226.10264587402344,216.20787048339844,0.0420437382529017,-0.0035585088918066,284.26031494140625,201.9199981689453,,,fwd_pe,0.1079474025854492,0.061300002,255.0,254.36365,0.1752235460461642,32.0,0.061300002,0.10458613818089257,0.061300002000000076,0.11679863633027687,0.17229727066055367
LUV,40.709999084472656,0.4440892199917086,0.4075747045842637,8.325034,38.87059960184218,35.59472623624299,41.60762155954256,47.030000076293945,42.51731283187866,-0.1343823300354822,-0.0425077133767239,42.51435089111328,40.50736999511719,0.0443220792733651,-0.0049773788728173,54.32706451416016,29.28630256652832,,,fwd_pe,2.0562935839060836,0.4337,50.0,51.56957,0.2281994872132207,24.0,0.4337,0.5,0.4337,0.792125,1.15055
LVS,46.970001220703125,0.3483950849276389,0.3394972598637792,13.33076,21.937594312302608,17.102069423553793,27.14031555159749,46.521459045410154,54.48645910263062,0.0096416188248769,-0.1379509332358982,56.94294357299805,45.48479080200195,0.2123257843965973,-0.031620404089888,68.29332733154297,44.4958610534668,,,fwd_pe,0.3656705994256892,0.1378,60.0,59.06842,0.2774110802780563,16.0,0.1378,0.5,0.13779999999999992,0.42225,0.7066999999999999
LYB,65.19999694824219,0.433735295601382,0.3480381795047159,10.158342,11.848307984532218,6.282175081852227,19.157731389424885,59.9139998626709,58.812515296936034,0.0882264094817129,0.1086075237397459,81.52714538574219,52.58000183105469,0.2504163987992363,-0.1935582163785322,81.52714538574219,40.279319763183594,,,fwd_pe,,-0.3055,68.0,69.52941,0.0429448340922553,16.0,-0.3055,0.16636238320507601,-0.3055,-0.24773066243203734,-0.1899613248640747
LYV,184.58999633789065,0.3124203485953273,0.294055294978244,97.764946,61.6119413233515,40.38777386185026,125.01562237739564,180.20120056152345,158.5635507965088,0.0243549752315261,0.1641388920129738,186.58999633789065,159.50999450683594,0.0108348233364663,-0.1358686945588639,188.4600067138672,125.61000061035156,,,fwd_pe,,5.2687,209.0,201.95833,0.1322390386607248,17.0,0.5,-0.3697951684712074,0.5,0.22265362364659436,-0.054692752706811065
MAS,73.20999908447266,0.3535034420083754,0.307814341283751,15.708243,15.79593007176676,13.101467416306171,18.107899853602593,76.58400024414063,68.80414447784423,-0.0440562147303883,0.0640347269785057,75.04068756103516,64.16277313232422,0.025005989611476,-0.1235791021074782,82.7699966430664,58.320743560791016,,,fwd_pe,0.0738732524063958,0.028399998,79.0,80.64706,0.0790875698392865,21.0,0.028399998,0.005582232956719668,0.028399998000000037,0.03127038218076317,0.034140766361526076
MCD,272.5400085449219,0.1814234625968026,0.1801856466627343,19.469425,24.583740622261388,23.033127018607846,25.91381966300981,272.28040100097655,295.5085516357422,0.0009534565947124,-0.0777254768556832,287.92999267578125,262.79998779296875,0.0564687152283651,-0.035737948361984,336.88055419921875,262.79998779296875,,,fwd_pe,0.1380779863812105,0.081999995,306.0,316.0645,0.1227709341968521,32.0,0.081999995,0.2626844717941792,0.0819999950000001,0.2241122935839397,0.3662245921678797
MCK,873.7899780273438,0.3096236257734212,0.2627216384617906,17.283373,19.21320409206296,15.498954660169511,21.692591473856215,822.9840002441406,839.8316802978516,0.061733858456703,0.0404346472348466,886.7341918945312,793.4724731445312,0.0148138731190419,-0.091918546678844,994.5902709960938,676.1578979492188,,,fwd_pe,0.3561342453235254,0.1329,1000.0,986.9375,0.1444397683040337,18.0,0.1329,0.11165824472242525,0.13290000000000002,0.19614881272301776,0.2593976254460355
MCO,511.3500061035156,0.2798042616221656,0.2503828275664113,27.036518,36.310446119844805,34.36917123670922,39.53200963896403,478.7332800292969,470.0441122436523,0.0681313111806698,0.0878766328179256,517.9254760742188,466.1170349121094,0.012859039585837,-0.0884579459303839,536.03173828125,409.4963989257813,,,fwd_pe,0.2008449830706751,0.114300005,570.0,560.4762,0.1146963785986765,24.0,0.114300005,0.3430148852690573,0.11430000500000004,0.3054107491851925,0.496521493370385
MDT,92.9000015258789,0.2322168604578632,0.2124691909399118,14.49203,25.827698673762328,23.8071837913957,27.932832340827872,84.47584869384765,88.66304019927979,0.0997226185032076,0.047787232617741,96.05355834960938,87.8856430053711,0.0339457133684975,-0.0539758712394743,102.80648803710938,73.09053802490234,,,fwd_pe,0.7186112642604245,0.0776,100.0,98.44,0.0764262471206016,29.0,0.0776,0.5,0.07759999999999989,0.347,0.6163999999999998
MET,96.20999908447266,0.236142955369014,0.2445428889463678,8.815817,17.848267178355215,13.68627148154912,23.585596772813304,92.18691757202149,80.11982769012451,0.0436404819513367,0.2008263354806416,99.9499969482422,74.00324249267578,0.0388732761600569,-0.2308154745152765,99.9499969482422,66.77149963378906,,,fwd_pe,1.0906781526885143,0.1113,107.0,105.0625,0.1121505146887456,18.0,0.1113,0.5,0.11129999999999995,0.38912499999999994,0.6669499999999999
MGM,43.689998626708984,0.3847089322977796,0.3829127417460035,21.119543,14.718749523162842,12.079995272835893,19.61145838101705,45.93419998168945,39.15949997901917,-0.0488568725671735,0.1156934754048739,50.689998626708984,36.02000045776367,0.1602197349514378,-0.1755550105294903,50.689998626708984,30.719999313354492,,,fwd_pe,0.2537576215545953,0.104399994,50.0,50.62778,0.1444266782245564,16.0,0.104399994,-0.3030744309589065,0.104399994,-0.0629577058662848,-0.2303154057325698
MKC,56.20000076293945,0.3005900165302895,0.2587577948808284,17.040373,26.36985388225256,23.85406363500308,31.079608675033327,51.52717346191406,56.78726612091064,0.0906866607864542,-0.010341497277238,66.89458465576172,47.52193832397461,0.1902950844775559,-0.1544139203052735,70.37922668457031,45.19049453735352,,,fwd_pe,-0.4512396530287218,0.0682,60.0,60.61538,0.0676156438696424,12.0,0.0682,0.5,0.06820000000000004,0.33525000000000005,0.6023000000000001
MLM,533.1099853515625,0.2800742054164765,0.254347516375325,24.77323,23.400420152462036,18.32941258311231,26.652404191086596,567.4055993652344,603.9271228027344,-0.0604428543744349,-0.1172610647498663,628.9400024414062,531.8899536132812,0.1797565600401351,-0.0022885178889994,706.2320556640625,522.8099975585938,,,fwd_pe,0.3964697376966992,0.1697,672.0,662.65216,0.2605278806714635,16.0,0.1697,-0.055415052762113226,0.16969999999999996,0.13729050639207796,0.10488101278415618
MMM,179.00999450683594,0.2641388211430605,0.3008244326596203,18.307274,13.00821316952737,10.381169497147056,23.9991709391276,169.54359924316407,159.7752180480957,0.0558345776893347,0.1203864822950839,183.77999877929688,151.69131469726562,0.0266465807431706,-0.1526098019545332,183.77999877929688,140.4735107421875,,,fwd_pe,0.7337021339168246,0.0935,192.0,185.57059,0.0725658113612646,18.0,0.0935,-0.2894511127365347,0.09349999999999992,-0.06475739588870044,-0.2230147917774007
MOS,24.0,0.4453447069241034,0.3875715583546598,14.945914,13.5056069317986,6.720694206343968,26.441132703566932,22.25580001831055,24.27269019126892,0.0783705811633121,-0.0112344445185152,24.059999465942383,23.352588653564453,0.0024999777475993,-0.0269754727681478,34.950469970703125,19.81999969482422,,,fwd_pe,,2.8964002,26.0,26.46842,0.0833333333333332,17.0,0.5,-0.09636794833701046,0.5,0.4277240387472421,0.35544807749448437
MPWR,1285.030029296875,0.5328879924941176,0.5503257576429942,36.931427,46.994454719160245,31.275086185433164,55.377089216804336,1373.0253564453126,1233.8566101074218,-0.0640886395399519,0.0414743648250974,1687.3154296875,998.8160400390624,0.3130552525770482,-0.2227294170039117,1687.3154296875,817.9266967773438,,,fwd_pe,1.1151992041899708,0.2684,1835.0,1842.6428,0.4279821935399051,14.0,0.2684,0.2724787135671807,0.26839999999999997,0.4412060001443061,0.614012000288612
MRSH,194.6699981689453,0.2599786359797628,0.2019509390640051,17.068007,24.32939743494267,23.31106941057902,25.707067401203886,179.84804748535157,175.90335472106935,0.0824137425500879,0.1066872401474907,203.7671813964844,173.80548095703125,0.0467313058668856,-0.1071789048552139,206.31509399414065,156.43502807617188,,,fwd_pe,0.390920685701617,0.0913,201.0,206.4762,0.0325165762089398,23.0,0.0913,0.4254386839039068,0.09129999999999994,0.3234406178721665,0.5555812357443335
MSCI,571.3599853515625,0.3030297005601808,0.2802047789917781,25.396767,36.34672917075298,34.74368924356613,39.73335534126815,580.1597302246093,569.2864726257325,-0.015167796754249,0.0036423010655186,585.3573608398438,559.7181396484375,0.0244983475342057,-0.0203756755838644,641.5355834960938,506.185791015625,,,fwd_pe,0.2286920220987183,0.1443,700.0,692.05884,0.2251470490522438,18.0,0.1443,0.4311557518621554,0.1443000000000001,0.3909857634279321,0.6376715268558646
MSI,481.5199890136719,0.2612990617384841,0.2221305382386237,25.235682,31.181113879664068,27.722979493880786,35.701875574448536,429.8123571777344,416.81560745239256,0.1203028041712526,0.155235025762968,483.3802185058594,425.5046997070313,0.0038632445892805,-0.1163301432644163,484.82958984375,361.4488525390625,,,fwd_pe,0.5048042688127072,0.0785,529.0,522.7273,0.098604444404446,14.0,0.0785,0.23559624343277386,0.07850000000000001,0.20554527427112324,0.3325905485422467
MTD,1398.8900146484375,0.3205037543914791,0.3284401852702604,27.062508,32.96099759168773,30.26575476320972,35.987564556553544,1321.0406079101565,1321.4275,0.0589303661614433,0.0586203288855706,1496.6099853515625,1371.4200439453125,0.0698553636668022,-0.0196369767569101,1506.02001953125,1025.530029296875,,,fwd_pe,0.1650005239721315,0.091800004,1458.0,1468.909,0.0422549197811077,12.0,0.091800004,0.21795798052744142,0.09180000399999999,0.2107832660058464,0.3297665280116924
NCLH,17.219999313354492,0.5459077887205165,0.5239689610889297,10.143732,24.206521200097125,11.07804258033712,35.83974349193084,19.49099998474121,19.9523500585556,-0.1165153492978606,-0.1369438054756598,21.1200008392334,14.789999961853027,0.2264809338786888,-0.1411149505457265,26.940000534057617,14.789999961853027,,,fwd_pe,0.0288484553811161,0.0995,20.0,20.68,0.1614402321427246,25.0,0.0995,0.5,0.09949999999999992,0.3743749999999999,0.6492499999999999
NDAQ,98.79000091552734,0.2740495589543536,0.2375042491105279,21.120708,26.17089840082022,24.24739331871619,29.69761043014922,90.26640014648436,89.49019542694091,0.0944271706328254,0.1039198254537137,100.30148315429688,85.88961791992188,0.0152999516627392,-0.1305838938764282,100.30148315429688,76.8499984741211,,,fwd_pe,0.3636734147359075,0.1309,110.0,109.8,0.1134730132663732,16.0,0.1309,0.23911084802745353,0.13090000000000002,0.26610522901712375,0.40131045803424725
NDSN,333.92999267578125,0.2216856967897693,0.2449786889776624,25.801043,26.17783999463785,24.49188319021132,28.23203669146655,299.4840478515625,274.03332862854006,0.1150176280550732,0.2185743768723578,334.70001220703125,270.87249755859375,0.0023059310278774,-0.188834475789095,334.70001220703125,219.0929412841797,,,fwd_pe,0.3112967952497114,0.0871,360.0,349.7143,0.0780702778906434,8.0,0.0871,0.014603944291626147,0.08709999999999996,0.09503797391971336,0.10297594783942676
NI,40.83000183105469,0.1870761531901841,0.1911736670531131,18.115509,16.56876913420073,15.460758489720964,19.51984160985702,45.13332206726074,44.621448020935055,-0.0953468532582856,-0.0849691428234586,43.01788711547851,40.16831588745117,0.0535852360104416,-0.0162058759228427,48.75331115722656,38.34309005737305,,,fwd_pe,0.1988670039577691,0.09729999,50.5,50.07143,0.2368356045869795,15.0,0.09729999,-0.08538208149709026,0.09729999,0.05045511141353187,0.003610232827063742
NKE,40.75,0.3600414448308172,0.3644941049801744,17.785982,30.52548742146684,26.47009233245596,34.17985880816424,42.38939987182617,51.95780511856079,-0.0386747601235983,-0.2157097493434542,46.94989013671875,39.09000015258789,0.152144543232362,-0.0407361925745303,77.05552673339844,39.09000015258789,,,fwd_pe,0.091014373004538,0.337,47.0,50.66471,0.1533742331288343,31.0,0.337,0.5,0.33699999999999997,0.6712499999999999,1.0055
NOC,549.280029296875,0.2690999483256632,0.2519357453529853,18.044697,16.611312726222046,15.10499511374162,21.378100787429076,542.1183984375,601.3314562988281,0.0132104552806477,-0.0865602929245172,630.571044921875,541.3856811523438,0.1479955783738566,-0.0143721739795212,764.6546630859375,496.0199890136719,,,fwd_pe,-0.032423043734123,0.0499,640.0,647.1429,0.1651616040351116,22.0,0.0499,-0.07943520879169952,0.049900000000000055,0.008200487144797375,-0.033499025710405306
NOW,128.0500030517578,0.5509770741061191,0.4358500489101928,25.58181,110.6725101582488,79.38241845355181,129.36549716525607,109.4202001953125,120.0583599090576,0.1702592649546568,0.0665646536297326,135.86000061035156,100.58000183105467,0.0609917795584662,-0.2145255803672238,192.22999572753903,83.0,,,fwd_pe,2.109012380281145,0.2308,140.0,142.23174,0.0933228946774176,44.0,0.2308,0.5,0.2307999999999999,0.5385,0.8461999999999998
NRG,111.77999877929688,0.4808343592442541,0.4584660583892812,9.983521,15.277550645725045,7.36564031191444,25.60328343265372,131.23708267211913,148.2074864959717,-0.1482590400263129,-0.2457870960362378,148.83169555664062,111.77999877929688,0.3314698262835034,0.0,182.81918334960935,111.77999877929688,,,fwd_pe,1.9233552971942465,0.26790002,187.0,188.75,0.672928985884323,11.0,0.26790002,0.5,0.2679000199999999,0.5848750249999999,0.9018500299999999
NTAP,186.86000061035156,0.433650789477655,0.3746414213504858,18.635683,16.001363140460484,11.98029460478735,18.740133359901307,173.4523077392578,126.56343650817873,0.0772990169219822,0.476413771352332,207.0800018310547,101.9056167602539,0.108209360776289,-0.454641890038565,207.0800018310547,93.3469009399414,,,fwd_pe,0.5815457367460051,0.113199994,182.5,186.3125,-0.023332979750135,18.0,0.113199994,-0.14135891126391864,0.11319999399999991,0.034519624414579564,-0.04416074517084079
NTRS,186.66000366210935,0.2462004127400505,0.264486249301359,14.732067,13.211518776640284,10.46054004524723,14.6876688196679,181.7609994506836,155.00784477233887,0.0269529999627615,0.2041971419979309,191.47000122070312,134.2465362548828,0.0257687638713475,-0.2807964554747628,191.47000122070312,120.7422103881836,,,fwd_pe,0.0885154812288051,0.1094,184.0,184.26923,-0.0142505282863086,12.0,0.1094,-0.10321350176860555,0.10939999999999994,0.05214747056895441,-0.005105058862091005
NUE,244.63999938964844,0.3163789996508519,0.3367664132958521,12.778705,9.502124786376951,5.489469543435831,17.966858376847938,247.6867517089844,200.3562720489502,-0.0123008287617889,0.2210249117126668,265.6974792480469,219.02000427246097,0.0860753756987191,-0.1047252909626665,274.739990234375,130.56512451171875,,,fwd_pe,0.5291014230315201,0.020599999,291.0,282.8125,0.1895029460677526,12.0,0.020599999,-0.256409410313725,0.02059999900000009,-0.11024572295488899,-0.2410914449097783
NVR,6397.58984375,0.2747844414465918,0.2660775760216218,15.54232,14.05148559189476,10.867806750756484,16.785213833417046,6438.22119140625,6848.6751953125,-0.0063109586403282,-0.0658646144981792,6828.6201171875,6369.3798828125,0.067373852335749,-0.0044094669440334,8543.0,5563.6201171875,,,fwd_pe,0.0700144508670521,0.1399,7000.0,6782.0,0.0941620471088049,6.0,0.1399,-0.09592096984911136,0.1398999999999999,0.08522984323449889,0.03055968646899787
NWS,35.04999923706055,0.2766385856637029,0.2416428728769213,23.18551,41.54527912969175,24.864626856683525,59.39870825579334,31.19679985046387,29.58502514839172,0.1235126488956008,0.1847209546470811,35.04999923706055,27.920000076293945,0.0,-0.2034236609405574,35.04999923706055,25.555767059326172,,,fwd_pe,0.4676893024997077,0.1456,,,,5.0,0.1456,0.5,0.14559999999999995,0.43199999999999994,0.7183999999999999
NWSA,30.760000228881836,0.2682273130788556,0.2365272139987619,20.347685,40.933857793393344,21.806929412397366,58.067171390240006,27.48200008392334,25.956491079330444,0.1192780778308815,0.1850600350744828,30.900869369506836,24.696794509887695,0.004579620922523,-0.1971133183965696,30.900869369506836,22.306781768798828,,,fwd_pe,0.4676892727600217,0.1456,36.5,36.1625,0.1866059729651314,5.0,0.1456,0.5,0.14559999999999995,0.43199999999999994,0.7183999999999999
O,63.16999816894531,0.1635837914042885,0.1818382441396143,39.849358,42.89697791484977,38.72982816570375,47.558457286241854,62.974212646484375,60.474820346832274,0.0031089792826788,0.0445669421861161,63.978946685791016,59.04460525512695,0.0128058974243152,-0.0653062060059774,66.11249542236328,53.938114166259766,,,fwd_pe,0.1570949273511508,-0.0598,68.0,68.2125,0.0764603763029574,3.0,-0.0598,0.07647851980073983,-0.059799999999999964,-0.02384744784167203,0.012105104316655568
OKE,93.0199966430664,0.2651155436749063,0.2633176335360656,14.781056,13.061070178267702,11.166584382962135,14.17599691474423,89.589453125,81.98718982696533,0.0382918234055957,0.1345674469314768,94.1177978515625,82.9509506225586,0.0118017764794009,-0.1082460372380409,97.06999969482422,61.951148986816406,,,fwd_pe,0.0869067812205026,0.0598,95.0,96.61905,0.0212857818575418,16.0,0.0598,-0.11636420440679596,0.059800000000000075,-0.0018613919151609926,-0.06352278383032228
OMC,88.94000244140625,0.3560806830111114,0.2925763394541472,7.3842406,11.032844091086048,10.28070380822277,11.748851515147049,80.62000030517578,76.42295543670654,0.103200224568795,0.1637864818649459,88.94000244140625,73.03914642333984,0.0,-0.1787818257430553,88.94000244140625,65.9009017944336,,,fwd_pe,31.552892439609835,0.137,100.0,102.08333,0.1243534658758311,12.0,0.137,0.4941067997007096,0.137,0.4178997156298534,0.6987994312597068
ORCL,142.4499969482422,0.6723640534712331,0.5051870591897095,13.05092,30.379452835962255,27.330350244939197,35.097722523772774,144.3931886291504,171.57789737701415,-0.013457640899523,-0.1697648757448531,161.98870849609375,137.38204956054688,0.1371618951662789,-0.0355770270008268,324.62994384765625,114.98999786376952,,,fwd_pe,0.8722022662003905,0.3554,240.0,246.42635,0.6848017208958008,40.0,0.3554,0.5,0.35539999999999994,0.6942499999999998,1.0331000000000001
OTIS,72.19000244140625,0.2115045268019395,0.2124458510810513,15.809438,23.73588465941333,22.605345639066684,24.94278499058315,72.17703247070312,79.8741930770874,0.0001796966466913,-0.0962036715446383,74.54813385009766,69.98579406738281,0.0326656230633237,-0.0305334298307097,92.49552917480467,68.92223358154297,,,fwd_pe,0.1738456484031878,0.12560001,88.0,88.83333,0.2190053611845503,14.0,0.12560001,0.5,0.1256000100000001,0.4070000125000002,0.688400015
OXY,60.11000061035156,0.3552414829361357,0.3163329628678702,15.747971,16.21491407736754,5.665505163131222,24.88052546401432,54.87980010986328,51.292765045166014,0.0953028343765465,0.1719001804137776,65.9354476928711,52.78618240356445,0.096913109688379,-0.1218402617271954,65.9354476928711,38.557979583740234,,,fwd_pe,0.1259586393701131,-0.3418,65.0,66.56522,0.0813508457826621,20.0,-0.3418,0.029650999317152538,-0.3418,-0.33204185612472503,-0.3222837122494502
PCG,18.11000061035156,0.2589547382242814,0.2540144577529552,10.031463,14.660873867216566,13.790775961795095,15.971343630836124,17.29504535675049,16.735772848129272,0.0471207352620781,0.0821131939763333,18.57596778869629,15.804031372070312,0.0257298267609324,-0.1273312623171957,19.000072479248047,14.288533210754396,,,fwd_pe,0.298791312892247,0.09060001,22.0,22.71875,0.214798412951181,17.0,0.09060001,0.46148910355514094,0.09060000999999995,0.3422500204760637,0.5939000309521276
PEG,73.52999877929688,0.1851668600731989,0.1997095562180597,15.737027,19.00461296334651,15.022856771609204,24.238000872986447,78.56520004272461,79.49399051666259,-0.0640894602278049,-0.0750244351630028,82.76588439941406,72.61000061035156,0.1256070416625336,-0.0125118752103712,85.51339721679688,72.61000061035156,,,fwd_pe,0.1622934878360442,0.069299996,85.0,85.47222,0.1559907712650829,21.0,0.069299996,0.20763680225918857,0.06929999600000003,0.18031301191260174,0.2913260278252032
PFG,111.88999938964844,0.219126972382645,0.2381162912547813,10.806462,12.63901773327125,4.382269957087338,16.91737038748605,111.72339981079102,96.6344533920288,0.0014911789216902,0.1578686013334249,115.41000366210938,84.39679718017578,0.031459507477543,-0.2457163496241488,115.41000366210938,76.35416412353516,,,fwd_pe,0.4749273166370269,0.0865,112.0,109.58333,0.0009831138703333,11.0,0.0865,0.16957962127394244,0.08650000000000002,0.17862412925706916,0.27074825851413853
PH,1014.239990234375,0.2603730530911672,0.2841070829478279,25.746515,22.560274917467503,18.74238860993962,24.890821408002804,984.2338012695312,927.3970022583007,0.0304868507118327,0.0936416526736696,1020.712890625,859.5371704101562,0.0063820204812956,-0.1525307829643646,1073.8699951171875,712.1735229492188,,,fwd_pe,0.3846499225234949,0.1114,1214.0,1160.9535,0.1969553672592456,8.0,0.1114,-0.12375422780646217,0.11139999999999994,0.042629775607949005,-0.026140448784102155
PHM,129.61000061035156,0.332224864056854,0.3341917623207481,11.521124,7.05547439914853,4.453312102130788,9.046524548702102,128.88138595581054,124.52755226135254,0.0056533738300335,0.0408138460662281,130.36349487304688,116.7627944946289,0.0058135503367564,-0.0991220280473988,141.95550537109375,109.87694549560548,,,fwd_pe,0.1491082814489281,0.103599995,145.5,141.85715,0.1225985596390726,12.0,0.103599995,-0.3876053760771493,0.10359999499999994,-0.11028065055035752,-0.3241612961007151
PKG,248.8800048828125,0.2781524545608164,0.2469533695074676,19.238752,17.513452852426425,13.077134645104085,22.226954910356028,241.1891995239258,219.6697141265869,0.0318870221969611,0.1329736822045157,257.42999267578125,201.8347015380859,0.0343538557747722,-0.1890280553750322,257.42999267578125,188.15423583984375,,,fwd_pe,0.6778715688003045,0.2321,270.0,260.5,0.0848601522936005,9.0,0.2321,-0.08967832984039592,0.23209999999999997,0.17685366490182397,0.12160732980364819
PNC,243.67999267578125,0.2183210504945226,0.2468448747106501,11.407043,10.38369584850878,9.629611014246912,11.36842305722044,247.36178527832033,219.30943077087403,-0.014884241712585,0.1111240944780374,256.9700012207031,208.2001037597656,0.0545387760356852,-0.1456003364347683,256.9700012207031,174.2725067138672,,,fwd_pe,0.1763348310337744,0.106300004,279.0,277.725,0.1449442235137146,19.0,0.106300004,-0.08971186936800546,0.10630000399999995,0.056675883279663886,0.007051762559328045
PNR,63.310001373291016,0.3288482852320362,0.2930279225654252,12.248846,19.384590189724683,15.734636043680126,24.334281863588277,69.25110572814941,87.18566644668579,-0.0857907508102565,-0.2738485125647893,76.38627624511719,61.21256637573242,0.2065435885038968,-0.0331295996218924,111.22835540771484,61.21256637573242,,,fwd_pe,0.3321263080620003,0.11310001,78.0,76.30769,0.2320328274847636,15.0,0.11310001,0.5,0.11310000999999992,0.39137501249999995,0.6696500149999998
PNW,97.70999908447266,0.1666232071620222,0.1829360753532344,17.550825,15.245415832328495,14.2041199643847,16.378294785842225,103.34939010620116,96.52222194671631,-0.054566272872375,0.0123057376197994,102.59909057617188,96.60163116455078,0.0500367571129796,-0.011343444174671,108.38449096679688,82.66925811767578,,,fwd_pe,0.0685718762508316,0.17959999,106.0,105.84615,0.0848429126312899,9.0,0.17959999,-0.13135617087353468,0.17959999000000004,0.10212612107557018,0.024652252151140308
PODD,145.4199981689453,0.443964781424172,0.427908925617063,18.859116,74.62693594051811,40.187715576594265,93.25592305887872,154.3659991455078,218.2829007720947,-0.0579531828646401,-0.3338003221755985,299.1700134277344,138.97000122070312,1.0572824728010666,-0.044354263715151,352.82000732421875,133.25999450683594,,,fwd_pe,0.4466903963048956,0.1858,167.5,171.90909,0.1518360755678369,23.0,0.1858,0.5,0.18579999999999997,0.48225000000000007,0.7787
PPG,113.2300033569336,0.3037475012526651,0.2643772714261583,13.0557165,24.512937831925573,21.156110674421367,26.43412531189054,116.51498809814451,109.3359098815918,-0.0281936667104483,0.0356158692927053,113.4007568359375,101.07138061523438,0.0015080232618702,-0.107379867360524,129.15760803222656,92.49928283691406,,,fwd_pe,0.2443084222914919,0.0983,125.0,126.2,0.1039476843073472,22.0,0.0983,0.5,0.09830000000000005,0.37287500000000007,0.6474500000000001
PPL,35.040000915527344,0.1771720666973613,0.1786709256135902,16.55149,23.13650167213296,21.720455652512847,24.903116506688736,35.80600006103516,36.01542060852051,-0.0213930387142402,-0.0270833902953891,36.0400505065918,34.244808197021484,0.0285402273097914,-0.0226938555287961,39.492637634277344,32.7493896484375,,,fwd_pe,0.2526804535422489,0.086899996,42.0,41.21429,0.1986301056684178,15.0,0.086899996,0.3978500831123337,0.08689999600000009,0.3031116228716979,0.5193232497433953
PRU,122.66999816894533,0.2250000373840491,0.2391235237475563,8.281089,12.103528121812406,10.33721022800037,13.46441597113152,116.88359985351562,105.843723487854,0.0495056476929312,0.158972815076958,125.12999725341795,95.22985076904295,0.0200537957217923,-0.223690778588835,125.12999725341795,90.7629623413086,,,fwd_pe,0.3442166845447501,0.0423,113.0,113.4,-0.0788293658864123,16.0,0.0423,0.4615865282709082,0.042300000000000004,0.2828558192083839,0.5234116384167675
PSA,324.9700012207031,0.2292390568827656,0.2296755668205944,31.938585,23.676174501829507,14.24501881700881,29.719418135123306,322.2620007324219,292.5827478790283,0.0084031020788259,0.1106943371625783,330.4700012207031,309.75,0.0169246391338893,-0.0468350960505011,330.4700012207031,253.48106384277344,,,fwd_pe,-0.0291182593092336,0.0295,340.0,337.17648,0.0462504191858905,2.0,0.0295,-0.2586968238627507,0.02950000000000008,-0.10366419008335082,-0.23682838016670182
PSKY,10.350000381469728,0.5323814444855964,0.5520744619019423,12.037824,13.275603774171438,5.280717855228127,17.135355931631526,9.414000024795532,11.14011147260666,0.0994264238590252,-0.0709248819529141,11.76355266571045,9.773103713989258,0.1365750948928945,-0.0557388063978552,19.4602108001709,7.809999942779541,,,fwd_pe,27.65966722889452,0.5082,10.0,9.80769,-0.0338164607313787,18.0,0.5,0.10282421259618335,0.5,0.5771181594471375,0.654236318894275
PSX,241.9600067138672,0.3102800290986888,0.3076827706240036,11.383573,7.942217942664174,4.164571315370305,15.010447095644864,199.5686849975586,165.4555958557129,0.2124146968089066,0.4623863608993357,243.4900054931641,165.2628631591797,0.0063233540124099,-0.3169827303128928,243.4900054931641,123.11431121826172,,,fwd_pe,8.705566081932272,-0.1778,220.0,222.0,-0.0907588283374296,19.0,-0.1778,-0.30230886711367566,-0.17779999999999996,-0.30207917527043193,-0.42635835054086413
PTC,154.30999755859375,0.3374181505625909,0.2995195183579505,17.361238,46.42264024266657,37.09245213922465,58.61378205128205,129.77980041503906,149.8904507446289,0.1890139841878821,0.0294851792893364,164.25,149.25,0.0644158032445816,-0.0327911194261564,216.52999877929688,112.33000183105467,,,fwd_pe,-0.1387412003683147,0.0855,167.5,173.35,0.0854773031565749,20.0,0.0855,0.5,0.08549999999999991,0.35687499999999983,0.62825
PWR,616.780029296875,0.4394021445384527,0.3902345142658313,31.402199,41.00471600163993,35.964971834070546,46.71774295118074,670.4018676757812,579.9917576599121,-0.0799846196204792,0.0634289559310157,785.1200561523438,533.5936279296875,0.2729336535869606,-0.1348720733743915,785.1200561523438,372.18304443359375,,,fwd_pe,1.2421574998617135,0.1742,800.0,770.0421,0.2970588572914634,25.0,0.1742,0.3057912282397779,0.1741999999999999,0.3537300300995736,0.5332600601991471
PYPL,61.68000030517578,0.4177437723334695,0.3776571390229669,10.646469,16.430581581174003,14.407299430977762,32.63957374974301,52.43220008850098,51.2278856086731,0.1763763527196136,0.2040317411564824,75.47633361816406,57.73927307128906,0.2236759605176361,-0.0638898705315997,75.47633361816406,38.834022521972656,,,fwd_pe,0.0951739961859656,0.0757,59.0,59.76939,-0.0434500695835906,42.0,0.0757,0.5,0.0757000000000001,0.3446250000000002,0.61355
RCL,293.0,0.4720628001553413,0.4178962268853686,14.445695,14.696640522468677,12.260540668601314,17.117564114657316,303.7041998291016,285.2100675201416,-0.035245478446215,0.0273129646074232,322.6499938964844,267.19378662109375,0.1011945184180354,-0.0880758135798848,359.6901550292969,243.30674743652344,,,fwd_pe,0.2535759615580972,0.13949999,353.0,346.92307,0.2047781569965869,28.0,0.13949999,0.017371647571728266,0.13949999000000002,0.1493974861171341,0.15929498223426797
RDDT,152.6999969482422,0.711027689136392,0.8198559565736233,15.762596,69.44084167480469,47.7232831125041,82.63358633026822,172.59879943847656,176.4157498931885,-0.1152893447403576,-0.1344310412154532,203.27000427246097,141.6699981689453,0.3311722877202119,-0.0722331303191545,270.7099914550781,121.83999633789062,,,fwd_pe,1.2476776033592438,0.2622,212.5,214.84375,0.3916175785650282,28.0,0.2622,0.5,0.2622,0.57775,0.8933
REG,76.69000244140625,0.1583300486954728,0.1863122692510251,30.421917,25.004314708965353,22.624679986268177,27.01483155457839,79.27780029296875,74.74028079986573,-0.0326421500344279,0.0260866245172579,78.25045776367188,75.318603515625,0.0203475716858643,-0.0178823690458094,82.68000030517578,65.1935806274414,,,fwd_pe,-0.1512189057645513,0.0188,85.0,86.61111,0.1083582904426541,7.0,0.0188,-0.17808221260463786,0.018799999999999928,-0.07191507910080253,-0.1626301582016051
RF,30.6299991607666,0.2417540767598514,0.2868950793718873,10.77527,8.788992333288638,7.808140077089009,9.971032970846975,30.678600082397463,27.908763847351075,-0.0015841961986637,0.0975046880721595,32.400001525878906,26.377965927124023,0.0577865626382212,-0.1388192409449664,32.400001525878906,22.67023277282715,,,fwd_pe,0.1555366130036648,0.081199996,33.05,32.93,0.0790075385419248,16.0,0.081199996,-0.18433669566622113,0.08119999600000005,-0.018452421308485678,-0.11810483861697141
RJF,176.67999267578125,0.2514762342763,0.2568851818238951,12.45859,12.927679734367649,11.966859725010476,14.17495801610854,168.34099975585937,158.77344779968263,0.0495363157639296,0.1127804750999077,181.17999267578125,149.72494506835938,0.0254697769218146,-0.1525642332173177,181.17999267578125,139.86598205566406,,,fwd_pe,0.2353118611335634,0.1697,185.5,185.91667,0.0499208042214718,14.0,0.1697,0.03765191200349727,0.16969999999999996,0.19172072073524515,0.2137414414704908
RL,370.8200073242187,0.348486520696589,0.354942178044597,17.730299,14.47055366509542,12.137961827985215,18.78677405513617,389.4070263671875,363.9139892578125,-0.0477315964644209,0.0189770612569493,383.0400695800781,368.9700012207031,0.0329541610875785,-0.0049889597836562,413.2398986816406,282.75,,,fwd_pe,0.3178627162463532,0.1067,455.0,446.70587,0.2270103851278451,18.0,0.1067,-0.1838516843345157,0.10670000000000002,0.00496567047349572,-0.09676865905300847
RMD,232.4499969482422,0.2840076510439497,0.319657420781946,17.58656,34.69347523155275,27.248094812293964,38.301145445625735,207.18617553710936,227.74154197692872,0.1219377757499451,0.0206745547186575,254.4679718017578,191.3409118652344,0.0947213385355225,-0.176851304034051,290.6549072265625,182.296875,,,fwd_pe,0.2660421367225882,0.0936,235.0,245.5,0.0109701143696965,20.0,0.0936,0.5,0.0935999999999999,0.367,0.6403999999999999
ROK,429.69000244140625,0.3103039170562674,0.3239584977237632,28.966797,31.409126318595263,24.67036796774054,35.22136706660911,459.3822979736328,415.7221517944336,-0.0646352627500044,0.0335990049764762,493.55963134765625,385.34423828125,0.1486411797885836,-0.1032040864534737,493.55963134765625,329.34442138671875,,,fwd_pe,0.3915459828023098,0.1225,495.0,477.79166,0.1519932909481636,27.0,0.1225,0.08431478698163497,0.12250000000000005,0.16982167419344263,0.2171433483868852
ROL,37.2599983215332,0.2684206081896773,0.2372960587559324,28.648975,45.89802050590515,42.91885461700097,50.20010943441945,40.99824043273926,52.83543224334717,-0.0911805499882105,-0.2947914545314458,56.52085494995117,36.02000045776367,0.516931226410893,-0.0332796006341448,64.86321258544922,36.02000045776367,,,fwd_pe,0.1823364012150521,0.1103,45.0,45.58824,0.2077295230041305,19.0,0.1103,0.5,0.11030000000000006,0.3878750000000002,0.6654500000000001
RSG,223.0800018310547,0.1909687507457687,0.1724005507485108,27.687588,28.152456355663343,26.114510168144697,30.96446585140636,215.00635223388673,213.36700569152833,0.0375507491443105,0.0455224841725001,224.5099945068359,202.3508148193359,0.0064102235253891,-0.0929226593220919,232.22369384765625,197.1544189453125,,,fwd_pe,0.1412237859072447,0.1073,247.0,245.91667,0.1072260981379256,26.0,0.1073,0.01678977438061202,0.10729999999999995,0.11659565858582588,0.12589131717165158
RVTY,123.0,0.3845058189028006,0.3580771538675668,20.876259,40.53044710758227,25.76213236529304,48.465968924862906,111.57786087036132,100.6227904510498,0.1023692248671954,0.2223870899290561,124.75,83.78186798095703,0.0142276422764227,-0.3188466017808371,124.75,82.20845031738281,,,fwd_pe,1.8326251844260024,0.1014,122.0,121.06667,-0.008130081300813,15.0,0.1014,0.5,0.10139999999999993,0.3767499999999999,0.6520999999999999
SBAC,185.07000732421875,0.3437128580980861,0.2961708097923389,22.55172,38.810655506986336,25.662815192934413,59.04014074362798,182.41531341552735,190.68857788085936,0.014553021119692,-0.0294646413491587,190.96250915527344,183.32440185546875,0.0318393126809131,-0.0094321359467605,220.8818817138672,163.0330352783203,,,fwd_pe,-0.1137721646065132,0.063200004,224.5,226.4,0.2130544719042724,10.0,0.063200004,0.5,0.06320000400000003,0.32900000500000015,0.594800006
SBUX,107.48999786376952,0.2779526009882136,0.3286559748213564,34.50102,27.174380137305377,25.39885560639327,36.78788633312859,104.04691543579102,95.57195362091063,0.0330916338418825,0.1247023189473786,107.93000030517578,93.60230255126952,0.0040934268318053,-0.1291998845334517,107.93000030517578,76.50760650634766,,,fwd_pe,0.8009017124711095,0.2027,112.0,112.22581,0.0419574120928567,33.0,0.2027,-0.2123600943593732,0.2027000000000001,0.07499725725699102,-0.052705485486018055
SJM,125.87000274658205,0.2925330938734687,0.2715092012383873,11.687789,17.775309381260172,15.798903648515571,18.988785777633964,115.45681198120116,103.7725301361084,0.0901912203073505,0.2129414458864067,125.87000274658205,97.20765686035156,0.0,-0.2277138735266197,125.87000274658205,87.72500610351562,,,fwd_pe,,0.0718,129.5,127.6875,0.0288392561707204,6.0,0.0718,0.5,0.07180000000000009,0.33975,0.6077000000000001
SLB,54.0,0.3559808178374681,0.3300640050963963,16.708954,15.039890370470411,14.044655150888868,16.764689177250734,49.621000137329105,47.873197135925295,0.088248923853847,0.1279798139798145,58.0099983215332,45.09000015258789,0.0742592281765408,-0.1649999971742983,58.0099983215332,31.123685836791992,,,fwd_pe,0.576487851962487,0.2934,63.0,61.93103,0.1666666666666667,26.0,0.2934,-0.09989037192451344,0.2934000000000001,0.22880089647641721,0.16420179295283432
SMCI,35.16999816894531,0.9077671890292582,0.998737544773259,6.6035533,13.184669422474354,7.729323286759225,24.19047582717169,30.54739990234375,31.392349910736083,0.1513254247948905,0.1203365873835804,50.16999816894531,28.270000457763672,0.4264998800382316,-0.1961898797388694,58.68000030517578,20.530000686645508,,,fwd_pe,0.6337178651984228,0.22770001,42.5,42.375,0.2084163267749894,7.0,0.22770001,0.5,0.22770000999999995,0.5346250124999998,0.8415500149999999
SNA,394.489990234375,0.2029686884273662,0.228098708923109,18.488108,13.227988119837708,11.991704857365203,16.08072850404772,400.5126525878906,369.4329930114746,-0.0150373834998732,0.0678255534749223,416.7244567871094,355.0093994140625,0.0563625620501153,-0.1000800826324039,416.7244567871094,313.3600769042969,,,fwd_pe,0.0892036113159875,0.0766,415.0,413.77777,0.0519912045257209,10.0,0.0766,-0.2845136928106593,0.0766,-0.07655372083997791,-0.22970744167995583
SNDK,1493.1199951171875,1.1722502714098717,1.073044215112494,,,,,1646.4069946289062,945.7070487976074,-0.0931039530394299,0.5788398712006777,2335.0,527.3300170898438,0.5638394821822326,-0.6468267662248698,2335.0,46.369998931884766,,,none,2.589932685444529,0.2364,2100.0,2126.1738,0.4064509261596094,19.0,0.2364,,,,
SOLV,91.25,0.3001726560324582,0.3228760475224854,12.632135,9.02027009843706,8.24802931364592,22.91757196619891,81.21659942626952,76.5330499458313,0.1235387918800892,0.1922953555958517,91.25,73.55999755859375,0.0,-0.1938630404537671,91.25,62.4900016784668,,,fwd_pe,-0.116914440828886,0.0054,95.0,93.92308,0.0410958904109588,15.0,0.0054,-0.2859267179746686,0.005400000000000071,-0.13833536112586575,-0.2820707222517318
SPG,220.72999572753903,0.1907203960492481,0.2291751002957031,32.98224,14.282041292819049,12.378172196962849,17.611447320122004,223.15219940185543,197.7237345123291,-0.0108544916017361,0.1163555871122563,236.6999969482422,197.8494415283203,0.0723508427935453,-0.1036585631409229,236.6999969482422,167.4527587890625,,,fwd_pe,-0.5277071842300582,0.0759,229.0,236.05263,0.0374666082206114,5.0,0.0759,-0.5,0.07590000000000008,-0.19307499999999989,-0.46204999999999996
SPGI,435.4200134277344,0.307044414771744,0.2412389709431783,21.515493,34.077301025390625,32.003052986009706,38.923741632531986,417.6135577392578,430.25266204833986,0.0426385957986408,0.0120100392982902,457.3800048828125,383.4404296875,0.0504340424828055,-0.1193780307226537,522.2609252929688,367.9739074707031,,,fwd_pe,0.2317413316999057,0.13239999,523.0,519.3,0.2011390929939445,23.0,0.13239999,0.5,0.1323999899999999,0.41549998749999983,0.698599985
SRE,84.56999969482422,0.2058037049243453,0.2387068589616007,15.266639,18.39116558230301,14.768251783874229,23.06785624042313,90.07369415283203,90.514497756958,-0.0611021287599179,-0.0656745406475707,92.02540588378906,84.55205535888672,0.088156630198275,-0.0002121832328515,99.04218292236328,77.17640686035156,,,fwd_pe,0.6056606827475255,0.0855,104.0,104.38235,0.229750506979899,16.0,0.0855,0.20466368414835845,0.08549999999999991,0.19658121457152156,0.307662429143043
STE,237.8699951171875,0.2539968749270404,0.2337213089530164,19.42254,46.45864731996391,32.761882382713985,146.35367705443196,220.5110006713867,233.4271319580078,0.0787216709957694,0.0190331908802225,266.5171203613281,234.1858062744141,0.1204318570319367,-0.0154882453373675,267.1734924316406,199.3999938964844,,,fwd_pe,0.497201704823365,0.0963,269.5,263.125,0.1329718145713581,9.0,0.0963,0.5,0.09630000000000005,0.3703750000000001,0.64445
STLD,229.27000427246097,0.3650675821639041,0.3474125466813959,12.101676,8.628128395705927,4.955758191431458,14.452871462193931,245.7661544799805,205.8272789001465,-0.0671213261338767,0.1138951333252928,282.12017822265625,220.38999938964844,0.2305149952690235,-0.0387316470420597,282.12017822265625,127.49504852294922,,,fwd_pe,0.7191750960776013,0.1245,271.0,272.64285,0.1820124523483139,13.0,0.1245,-0.2870302926878948,0.12450000000000006,-0.036882782063768826,-0.1982655641275377
STT,190.9199981689453,0.2482924572102582,0.2472196758981051,12.476009,10.271691753280582,8.794741334345975,11.626688314231464,180.2781823730469,144.51321979522706,0.0590299705478363,0.3211247970218636,193.0399932861328,123.8617706298828,0.0111041019145177,-0.3512373150125562,193.0399932861328,107.71631622314452,,,fwd_pe,0.3518525836267032,0.1175,200.0,199.5,0.047559197140887,14.0,0.1175,-0.1766844867392624,0.11749999999999994,0.018777543034437016,-0.0799449139311258
STZ,137.60000610351562,0.3096539946985185,0.2713259016001373,11.103992,20.882583146912857,16.438569337842864,24.207244564296083,134.71042846679688,143.208377532959,0.0214502891098067,-0.0391623138677945,163.7583465576172,134.34146118164062,0.1901042099839938,-0.0236812847190109,164.2807159423828,124.9990005493164,,,fwd_pe,0.1801847479717204,0.0502,173.0,170.8261,0.2572673860919248,23.0,0.0502,0.5,0.05020000000000002,0.3127500000000001,0.5752999999999999
SW,48.689998626708984,0.4406611570534778,0.4221100985475093,14.463049,12.595699668715367,9.488677317712453,39.394427884855816,45.9084587097168,41.103562631607055,0.0605888325412993,0.1845688185984213,50.79134750366211,35.47751998901367,0.0431577107459688,-0.2713591910115106,50.79134750366211,31.845064163208008,,,fwd_pe,2.581393522209598,0.66940004,57.0,56.43333,0.1706716288287704,14.0,0.5,-0.12911173372119755,0.5,0.40316619970910184,0.30633239941820367
SWK,98.51000213623048,0.3815982417939297,0.3806948847035794,15.441892,26.30740471605985,17.728066867625223,40.87087093255459,93.13300048828124,79.59932224273682,0.0577346549532225,0.2375733782735718,104.0,73.09864807128906,0.0557303598083103,-0.2579570958672784,104.0,60.08294677734375,,,fwd_pe,0.5597554367042588,0.1382,98.0,99.36364,-0.0051771609498615,14.0,0.1382,0.5,0.13819999999999988,0.42274999999999974,0.7072999999999998
SWKS,66.86000061035156,0.4626215856058959,0.4382825169376343,13.44433,18.322335803707187,15.07436285861476,24.935452014127076,65.62380043029785,63.22086297988891,0.0188376804139336,0.0575622897083876,77.73974609375,59.2664680480957,0.1627242803481816,-0.1135736238847744,83.41999816894531,52.04774475097656,,,fwd_pe,1.5767358432885836,-0.0134000005,70.0,68.35294,0.0469637954080768,22.0,-0.0134000005,0.3628299665142991,-0.013400000500000009,0.16558402189079646,0.3445680442815926
SYF,80.0199966430664,0.3160901734782724,0.3531175762023938,7.613592,33.76397484558224,30.47434824521976,39.05723218972973,75.9531625366211,74.28111276626586,0.0535439732938634,0.0772589917286055,87.3779296875,69.6001205444336,0.0919511791190652,-0.1302159027213065,87.3779296875,63.24915313720703,,,fwd_pe,0.077964119958096,0.12189999,88.0,89.08696,0.0997251148675852,23.0,0.12189999,0.5,0.12189998999999996,0.4023749875,0.6828499849999998
SYK,327.80999755859375,0.2778138842255212,0.2362238257992352,19.564987,40.936962290610765,34.0342490456321,44.29255440121605,326.85642822265623,338.9279345703125,0.0029173950811454,-0.0328032477636106,385.3109436035156,281.82763671875,0.1754093727255647,-0.1402713803187919,390.3655090332031,281.82763671875,,,fwd_pe,0.7362622321190402,0.1158,382.0,382.72,0.1653091816753398,27.0,0.1158,0.5,0.1157999999999999,0.39474999999999993,0.6736999999999997
SYY,83.86000061035156,0.2689145108644728,0.2250677358105566,15.596811,19.460846847247826,18.480410332973776,22.29466067267426,82.5125831604004,78.25367099761962,0.0163298420476287,0.0716430237873757,89.88216400146484,71.96302032470703,0.0718121076470623,-0.1418671619253003,89.88216400146484,68.3285903930664,,,fwd_pe,0.4690546035340173,0.056599997,89.0,90.30769,0.0612926228504457,13.0,0.056599997,0.24774525043919726,0.05659999699999996,0.18748381243541012,0.31836762787082007
T,25.690000534057617,0.250953800929551,0.2301770515587334,10.020596,8.462932700305707,7.463337846086397,10.206656487996144,22.854600296020507,24.62621907234192,0.1240625607672873,0.0431971086828528,28.41807746887207,23.59070205688477,0.1061921711989768,-0.0817165602775983,28.41807746887207,20.20939826965332,,,fwd_pe,-0.1538878525788286,0.0967,28.0,28.70652,0.0899182334729804,24.0,0.0967,-0.1554461730314537,0.09670000000000001,0.011461091018202474,-0.07377781796359528
TAP,42.9900016784668,0.2824624196386793,0.2545676531066595,8.751662,10.80599062910704,9.962685997276704,12.525152341724803,40.93140007019043,43.687762870788575,0.0502939455954649,-0.015971547785257,44.51699447631836,42.679569244384766,0.035519719428539,-0.0072210379614272,53.1889762878418,38.43000030517578,,,fwd_pe,,0.033299997,45.0,45.47619,0.0467550184474634,20.0,0.033299997,0.23473582836117757,0.03329999700000008,0.15457626237069877,0.27585252774139746
TDG,1199.0799560546875,0.2733822681560378,0.262874570187193,24.774313,38.41438198327424,33.31736342037776,40.83498523388576,1265.065205078125,1275.0636486816406,-0.0521595636008047,-0.0595920781723461,1296.5799560546875,1194.699951171875,0.0813123424402844,-0.0036528046863729,1450.0,1132.8800048828125,,,fwd_pe,0.4662263288592503,0.1751,1475.0,1522.7894,0.230109795891483,20.0,0.1751,0.5,0.17510000000000003,0.46887500000000015,0.76265
TDY,625.2100219726562,0.2634674108959171,0.2364008069208839,23.393396,24.4920058856248,22.66468400888149,26.373771900820216,647.1647998046875,609.0275479125977,-0.0339245549799017,0.0265710050645868,660.3099975585938,601.3499755859375,0.0561410955556829,-0.0381632500250648,691.2999877929688,484.4700012207031,,,fwd_pe,0.2929811473289299,0.081199996,755.0,757.25,0.2075942058923363,11.0,0.081199996,0.04696239424258031,0.08119999600000005,0.10658786623361438,0.13197573646722827
TECH,72.38999938964844,0.4714799871745918,0.4202513106288724,31.243122,67.23483131045387,50.58218782598322,104.06885561735731,69.23400001525879,60.30554756164551,0.0455845303419431,0.2003870674692069,72.4800033569336,57.14983749389648,0.001243320459235,-0.2105285540026024,72.4800033569336,43.220001220703125,,,fwd_pe,0.9974051888924548,0.137,73.0,70.72727,0.0084265867591482,3.0,0.137,0.5,0.137,0.4212500000000001,0.7055
TEL,202.41000366210935,0.3435624179592225,0.287268589657128,15.683318,18.986515026187423,14.374983401923457,22.279455333602172,205.65129669189457,216.23596870422364,-0.015761111560805,-0.063939247133422,219.89138793945312,195.4767303466797,0.0863662070108257,-0.034253609950048,246.3216094970703,194.32711791992188,,,fwd_pe,0.2628249328362788,0.1268,235.0,246.78947,0.1610098105244557,16.0,0.1268,0.210618507269152,0.12680000000000002,0.2454624669954404,0.36412493399088053
TER,364.8999938964844,0.7572233869004122,0.584285491133447,31.584787,33.14220543963343,25.77630897268865,38.21496985548107,385.7039990234375,308.2986476135254,-0.0539377480649065,0.1835925869967254,417.9221496582031,112.0660400390625,0.1453059924598414,-0.6928856072525624,483.8399963378906,112.0660400390625,,,fwd_pe,0.5847778235769012,0.2706,450.0,449.8,0.2332145999642219,18.0,0.2706,0.049309132261472266,0.27059999999999995,0.30192609172571316,0.3332521834514266
TFC,50.810001373291016,0.2409918330071629,0.2790265958414057,10.182814,10.320495331682668,9.277183989936413,11.390998062722495,50.89485763549805,48.446308059692385,-0.001667285579513,0.0487899575481838,52.727447509765625,47.66824722290039,0.0377375730102329,-0.0618333805446841,54.13848114013672,39.402103424072266,,,fwd_pe,0.1470758475996909,0.08229999,55.5,55.36111,0.0923046349133607,18.0,0.08229999,0.013520951250083568,0.0822999900000001,0.08961685270137809,0.09693371540275608
TGT,169.88999938964844,0.3052639081403154,0.3523627086813553,17.879545,15.099154639799488,12.407383091775252,20.436211971933623,140.81178955078124,117.35547702789307,0.2065040855714759,0.4476529233422053,169.88999938964844,82.20137786865234,0.0,-0.5161494015894326,169.88999938964844,81.4371109008789,,,fwd_pe,-0.0153450213637986,-0.0596,160.0,161.61765,-0.0582141351767586,36.0,-0.0596,-0.15550677381334432,-0.059599999999999986,-0.13271928504703456,-0.20583857009406903
TJX,140.7100067138672,0.2016417329855882,0.1844879977581328,24.387455,23.080819514183496,20.77622006600447,26.050222423714654,155.04628570556642,154.27149368286132,-0.0924645110101114,-0.0879066290553504,156.79396057128906,136.889892578125,0.1143056860918816,-0.0271488448118004,167.88031005859375,133.86680603027344,,,fwd_pe,0.0684758618724259,0.097600006,175.0,172.8,0.243692641958729,13.0,0.097600006,-0.0535781813156192,0.09760000599999996,0.06819629993325349,0.03879259386650724
TKO,193.4199981689453,0.3144955786483044,0.3417051764092271,48.506462,74.24233360628111,68.2730598787291,82.07294160285883,192.14299865722657,196.09896629333497,0.0066460892181496,-0.0136613067117463,202.9500274658203,193.34475708007812,0.0492711683750035,-0.000389003668594,223.18777465820312,174.44430541992188,,,fwd_pe,0.3942342362549549,0.1393,235.0,231.15788,0.214972609992148,9.0,0.1393,0.5,0.13929999999999998,0.4241250000000001,0.70895
TPL,373.4500122070313,0.483739125644728,0.4710581759042799,,,17.7450393145904,27.765862172978096,387.7268005371094,389.1685116577148,-0.0368217732442039,-0.0403899569976217,437.6400146484375,354.4800109863281,0.1718837872358161,-0.050796627662678,538.9658813476562,272.83306884765625,22.003140564120308,28.699074,psr,8.338442106466788,,442.0,442.0,0.1835586706446976,2.0,,-0.23331531309615394,,,
TRGP,294.260009765625,0.2928723696212292,0.2963271334220403,24.3601,18.78059013981699,17.098895790650673,21.52744697232583,272.1740234375,230.63868324279784,0.0811465622221536,0.2758484640490761,302.25,256.6090393066406,0.027152823928535,-0.1279513668506059,302.25,143.22030639648438,,,fwd_pe,0.1537334411599296,0.0507,310.0,306.85715,0.0534900758241383,5.0,0.0507,-0.22904297848461252,0.05069999999999997,-0.06962772874689127,-0.1899554574937824
TRMB,60.66999816894531,0.3191544156895283,0.3179525771196561,14.713585,37.9479995727539,23.32023853934653,41.93921507055109,54.24059997558594,65.66254987716675,0.1185347912127317,-0.0760334729242296,69.5,48.869998931884766,0.1455414883393624,-0.1944948012723119,83.5199966430664,48.869998931884766,,,fwd_pe,,0.1238,80.0,80.18182,0.3186089074409926,13.0,0.1238,0.5,0.12379999999999991,0.40474999999999994,0.6856999999999998
TROW,112.3000030517578,0.2508031661067362,0.2601149028309978,10.908144,11.597482536304549,10.823483991281142,13.234347891378338,113.83260055541992,101.54458072662354,-0.0134636079311563,0.1059182306743657,121.68000030517578,97.21468353271484,0.0835262421951568,-0.1343305352546634,121.68000030517578,85.16805267333984,,,fwd_pe,0.0336406450079866,0.0081,111.5,109.58333,-0.0071238025825262,13.0,0.0081,0.06319485114099588,0.008099999999999996,0.03995336471761912,0.07180672943523803
TRV,370.5499877929687,0.2081812399711514,0.2218015631959067,12.266358,11.928429966622362,9.689762450637843,13.166614619978628,352.7263995361328,307.0785537719727,0.0505309165411933,0.2066944540455535,397.2200012207031,287.72711181640625,0.0719741311734578,-0.2235133685197603,397.2200012207031,258.5133056640625,,,fwd_pe,-0.1877214084245707,-0.1129,359.5,360.33334,-0.0298205050789058,27.0,-0.1129,-0.027549174202940896,-0.1129,-0.12511943621771449,-0.13733887243542886
TSCO,35.91999816894531,0.3211058449456618,0.2865179608544875,17.510334,22.2032293600599,20.331264132905172,25.562759047573053,31.924599838256835,42.411721315383915,0.1251510857122975,-0.1530643639328986,55.034969329833984,29.36000061035156,0.5321540126751607,-0.1826280037025505,61.59977340698242,29.13999938964844,,,fwd_pe,0.0684166275754647,0.0615,35.0,35.51852,-0.0256124224900629,14.0,0.0615,0.2680071870736389,0.06150000000000011,0.20374481453933413,0.3459896290786679
TSN,57.869998931884766,0.2556750250853082,0.2345385887867262,12.92318,23.24334038628472,8.78324808026643,40.1463816936751,57.973000106811526,59.82990604400635,-0.0017767094119156,-0.032757984120517,64.6777114868164,57.6937370300293,0.1176380280038467,-0.0030458252135607,68.1753921508789,49.454498291015625,,,fwd_pe,1.7641973569972715,0.13350001,67.5,68.75,0.1664074865363332,11.0,0.13350001,0.5,0.1335000100000001,0.41687501250000025,0.7002500150000002
TT,452.9599914550781,0.2840682674485044,0.2769286136642389,25.909426,24.63431681298455,20.203651278564656,30.296721407527176,473.9417993164063,442.2259451293945,-0.0442708532811232,0.024272764734649,470.3356323242187,446.62652587890625,0.0383602110493765,-0.0139823951246255,503.4599914550781,374.6739807128906,,,fwd_pe,0.3027152743561359,0.147,532.0,526.99146,0.1744966664517446,24.0,0.147,-0.049214104049061125,0.14700000000000002,0.11877571132786358,0.09055142265572691
TXT,82.12999725341797,0.26735771744192,0.2593233358844285,11.307952,16.61315274831594,15.275311214788395,18.538805239447672,89.52620010375976,90.03640144348145,-0.0826149534077139,-0.0878134183875237,87.28218841552734,79.36742401123047,0.0627321482333904,-0.0336365924092677,100.72648620605467,79.36742401123047,,,fwd_pe,0.3678023217643655,0.1248,100.0,102.06667,0.217581923099825,16.0,0.1248,0.46915663847139966,0.12480000000000002,0.3886536934763152,0.6525073869526303
TYL,355.7900085449219,0.4037931115639265,0.3115038865487386,23.176163,87.0675455390278,79.05486212836371,100.04059309811936,310.4142022705078,361.92474990844727,0.1461782545467158,-0.0169503228642894,356.010009765625,317.29998779296875,0.0006183456966732,-0.1081818483587163,566.0999755859375,275.2699890136719,,,fwd_pe,1.0172862954061896,0.172,427.5,426.63635,0.2015514481374876,23.0,0.172,0.5,0.17199999999999993,0.46499999999999986,0.758
UAL,113.56999969482422,0.4776557777298868,0.495084037998621,7.4016385,7.627738830347949,5.538315497596433,14.618833824123502,123.54679977416993,107.6216498184204,-0.0807532052435369,0.0552709411762399,116.93000030517578,102.31999969482422,0.0295852832559679,-0.0990578500504539,136.11000061035156,85.20999908447266,,,fwd_pe,0.4366947264446921,0.4981,162.0,161.28261,0.4264330407265371,23.0,0.4981,0.03054733493779116,0.4981,0.5209814812351525,0.5438629624703049
UBER,79.29000091552734,0.3563983880300319,0.3784837230295018,18.074142,18.395349288843647,15.692981920744243,38.270113934045554,73.1102001953125,77.02165016174317,0.0845272028212975,0.0294508199840006,100.0999984741211,79.13999938964844,0.2624542479292433,-0.0018918088554281,100.0999984741211,65.94000244140625,,,fwd_pe,-0.0379538348210386,0.3056,103.0,101.78391,0.2990288663224056,39.0,0.3056,0.017771647962246284,0.3056000000000001,0.3172013317897544,0.32880266357950894
UDR,38.38999938964844,0.2046474021084567,0.2163279659368719,68.55357,121.70000076293944,28.92432426338765,147.66692381638745,38.747684173583984,36.40831504821777,-0.0092311267515542,0.0544294439005539,38.987449645996094,32.91925048828125,0.0155626534474171,-0.1425045321267271,40.93555450439453,32.51542663574219,,,fwd_pe,-0.6455696180373975,,42.0,42.07143,0.0940349223169034,1.0,,0.5,,,
ULTA,538.760009765625,0.3595834616537179,0.3539191410982246,16.926771,16.935675183712448,15.536373613073716,19.744717117643702,491.77079528808594,555.3130996704101,0.0955510472109515,-0.0298085709028108,566.9099731445312,510.0899963378906,0.0522495412960442,-0.0532148134754963,706.8200073242188,450.75,,,fwd_pe,0.1920924552001088,0.10569999,633.0,623.4167,0.1749201657995587,18.0,0.10569999,0.0005260414825987159,0.10569998999999997,0.10599081203102423,0.10628163406204894
UPS,102.72000122070312,0.2929946362658065,0.2929519165006908,12.71358,16.25713301092629,12.50899122453846,18.21833610577743,106.77717483520507,101.23322818756104,-0.0379966375844238,0.0146866109059315,105.31720733642578,93.22702026367188,0.0252843271500973,-0.0924160907731564,115.87252807617188,77.49002075195312,,,fwd_pe,0.5017750311084681,0.120299995,117.5,116.15385,0.1438862792411841,28.0,0.120299995,0.2787218872203021,0.1202999950000001,0.2764260594296477,0.4325521238592951
URI,1083.56005859375,0.4294690886840096,0.3913184660193203,18.948145,14.138017826006802,10.707834248099466,18.34854549993971,1096.9771166992186,916.1014453125,-0.0122309370917784,0.1827948358100521,1164.8199462890625,1010.9655151367188,0.0749934321137417,-0.0669963264899639,1164.8199462890625,707.7841796875,,,fwd_pe,0.377301208112984,0.16139999,1317.0,1272.4286,0.2154379349393975,21.0,0.16139999,-0.2538574184435045,0.16139999000000005,0.013984988379144081,-0.1334300132417119
USB,62.41999816894531,0.2241803751330056,0.270443020640143,10.779595,10.057237589130242,9.475624718578006,11.03345724413068,62.326823501586915,55.30021343231201,0.001494936884695,0.1287478708440788,65.41999816894531,52.2924690246582,0.0480615201538492,-0.1622481486922836,65.41999816894531,44.0114631652832,,,fwd_pe,0.1558023283806116,0.10560001,69.5,70.31818,0.1134252168975082,19.0,0.10560001,-0.0670115538542736,0.10560001000000008,0.06855602269429983,0.03151203538859959
VEEV,248.4600067138672,0.4042075502600159,0.3594802723846022,24.777195,53.547794678631945,48.93576480724193,59.76250203450521,199.40280059814452,199.51990043640137,0.2460206474962576,0.2452893479318163,299.1000061035156,215.4600067138672,0.2038154955375444,-0.1328181562757648,306.2200012207031,151.42999267578125,,,fwd_pe,0.7748265693513732,0.1066,266.0,253.57143,0.0705948354349532,28.0,0.1066,0.5,0.10660000000000003,0.3832500000000001,0.6598999999999999
VICI,26.780000686645508,0.1809331391705553,0.1897159574175643,8.956522,11.190857649762968,10.48133553030733,16.553621217021792,26.589464797973633,27.429303531646728,0.0071658414383126,-0.0236718677254084,28.717445373535156,26.408447265625,0.0723467004187121,-0.013874287210373,31.726055145263672,25.90999984741211,,,fwd_pe,0.1589148109053939,0.087299995,32.0,32.54167,0.1949215526330276,1.0,0.087299995,0.24946465265903095,0.08729999499999996,0.22292145279442055,0.35854291058884113
VLO,346.0,0.3620128925396839,0.3423626364439237,11.293958,5.411308496759943,4.069465887356299,16.909461032538424,294.20305908203125,229.7352731323242,0.1760584715862061,0.5060813051581721,350.04998779296875,235.3903045654297,0.0117051670317016,-0.3196812006779489,350.04998779296875,142.35186767578125,,,fwd_pe,0.2780913918751955,-0.29729998,323.0,313.21054,-0.0664739884393064,19.0,-0.29729998,-0.5,-0.29729998,-0.472974985,-0.64864999
VLTO,99.37000274658205,0.2312527481344869,0.2308345609296762,20.787964,26.92358138713431,25.76352868631154,29.219610248497148,92.67222305297852,93.24805892944336,0.0722738645189784,0.0656522386355609,102.87240600585938,96.87555694580078,0.0352460819409388,-0.0251026037217961,108.57125854492188,82.10896301269531,,,fwd_pe,0.2040730876770808,0.0859,111.0,113.33333,0.117037304336977,16.0,0.0859,0.29515239621996225,0.08590000000000009,0.24615299352762876,0.4064059870552572
VMC,275.94000244140625,0.2798280228393832,0.2549619442890946,25.567234,35.01359775134678,30.761016284036028,37.53697750342153,287.7675762939453,288.1089399719238,-0.0411011344810353,-0.0422372784812002,300.5827941894531,258.4649658203125,0.0893048906647,-0.0633291167155238,328.480712890625,256.0343322753906,,,fwd_pe,0.2742289603951684,0.17709999,335.0,325.73914,0.2140320252085765,21.0,0.17709999,0.3694714786647151,0.1770999900000001,0.39455242692076076,0.6120048638415214
VRSN,290.7850036621094,0.2871475073045991,0.2435668103434916,26.483803,26.776204450176465,24.415597438812256,29.921155186976797,272.85682098388673,258.21547416687014,0.0657054590520256,0.1261331436480501,309.0926513671875,246.49639892578125,0.062959394310277,-0.1523070453378374,309.0926513671875,210.31153869628903,,,fwd_pe,0.192153105805839,0.1275,324.0,318.0,0.1142252726914565,4.0,0.1275,0.011040765186799861,0.12749999999999995,0.1337242313740583,0.1399484627481169
VST,135.66000366210938,0.4945982877049119,0.5602366064183577,13.087508,11.513656117937632,7.277867238510816,70.51276110727852,153.11290832519532,159.26314964294434,-0.1139871540158968,-0.1482021800633191,166.3470458984375,134.52162170410156,0.2262055241628981,-0.0083914339324595,217.01622009277344,134.52162170410156,,,fwd_pe,0.74799495824568,0.203,221.0,217.84212,0.6290726377278331,10.0,0.203,-0.12025603973364274,0.20300000000000007,0.130665992100214,0.058331984200427955
VTR,93.47000122070312,0.2235680930532267,0.2271667955078464,102.15301,136.3015845969871,120.31180063883464,231.7480388440584,91.29733840942384,83.7390906906128,0.0237976577316632,0.1162051134044757,100.52999877929688,79.6335678100586,0.0755322292328162,-0.1480307395949818,100.52999877929688,65.45304107666016,,,fwd_pe,0.663636245275592,0.5,100.5,100.45455,0.0752112837005052,2.0,0.5,0.33428848153360446,0.5,0.7507163611502032,1.0014327223004065
VTRS,16.540000915527344,0.3212109791058533,0.322209234021603,6.1983323,7.321377804404811,5.216266258418212,172.25270748138428,16.489855461120605,14.221161251068116,0.0030409881108399,0.1630555777774522,17.13471031188965,15.25558376312256,0.0359558260848706,-0.0776552044322443,17.727048873901367,9.165075302124023,,,fwd_pe,,0.0671,19.0,18.5,0.1487302870801699,9.0,0.0671,0.1811851075497859,0.06709999999999994,0.16377131413318824,0.26044262826637654
VZ,50.150001525878906,0.2503705255176647,0.2294884277890244,9.497225,9.200105995967473,8.000183670888307,9.982522015501129,45.45693115234375,44.15309980392456,0.1032421295183096,0.135820627511668,50.150001525878906,44.27523422241211,0.0,-0.1171439107621011,50.150001525878906,36.56254196166992,,,fwd_pe,0.3751275767395212,0.053600002,51.0,51.55652,0.0169491216003745,25.0,0.053600002,-0.03128482309648639,0.053600002000000035,0.03711915716148617,0.020638312322972308
WAB,297.6199951171875,0.2645696768061091,0.2521499177784828,23.920168,26.062606961399357,23.68774004088049,28.162648588862115,280.3185021972656,249.96456581115723,0.0617208382047735,0.1906487391578248,305.4747009277344,257.5841369628906,0.0263917275028988,-0.1345200551412306,305.4747009277344,184.78656005859375,,,fwd_pe,0.672341348104244,0.1454,335.0,329.16666,0.1255964165582832,12.0,0.1454,0.08956621715195956,0.14539999999999997,0.19669457256292722,0.24798914512585446
WAT,410.75,0.3645871984314903,0.3572654441901129,24.823246,28.81969247022858,26.842984733911393,31.90078948067023,382.2576019287109,359.1815005493164,0.0745371653239292,0.1435722590718535,412.5400085449219,292.1300048828125,0.0043579027265292,-0.2887887890862751,416.1499938964844,283.32000732421875,,,fwd_pe,3.1997436596325883,0.1353,440.0,436.0,0.0712111990261716,24.0,0.1353,0.16099612718774092,0.13529999999999998,0.22668945159812126,0.3180789031962423
WBD,28.700000762939453,0.433304009649649,0.5057757684951766,,,0.6290672480799715,0.9758460715313544,26.772600059509276,27.027900009155275,0.0719915398260166,0.0618657296059916,29.149999618530273,26.81999969482422,0.015679402217017,-0.0655052619560517,29.979999542236328,11.619999885559082,0.7584329705234627,1.9923805,psr,,1.0453,31.0,29.7,0.0801393441086786,13.0,0.5,-0.5,0.5,0.125,-0.25
WEC,107.58000183105467,0.1609085096081425,0.1750611977145248,17.928297,18.88638706492682,17.816385419181223,20.375471153356628,111.8086735534668,110.09591606140135,-0.037820605396861,-0.0228520214041685,113.61466979980467,100.86434936523438,0.0560947003721652,-0.0624247290529579,117.82293701171876,100.86434936523438,,,fwd_pe,0.1651591894087878,0.0713,121.0,121.61765,0.1247443571345192,9.0,0.0713,0.05344010448548553,0.07129999999999992,0.09992519196765004,0.1285503839353006
WM,226.4600067138672,0.2008080110332846,0.1874354860908028,24.833212,29.155746885683392,27.3143309995191,30.89814712752157,228.02800079345704,223.31131050109863,-0.0068763225311531,0.0141000301583606,242.25,210.54757690429688,0.0697253060938194,-0.0702659601599133,244.47425842285156,194.39337158203125,,,fwd_pe,0.2880281455334896,0.122,263.0,259.92,0.1613529638913293,28.0,0.122,0.17406265793097542,0.12199999999999989,0.2196491510992773,0.31729830219855426
WMB,70.97000122070312,0.2362169516403207,0.230267634295396,27.077555,17.588409263930636,12.84473385364984,25.82904690894011,73.30239959716796,68.8610453224182,-0.0318188543524153,0.0306262544869955,75.16041564941406,69.91372680664062,0.0590448690522007,-0.0148833929250993,78.8179702758789,55.08271408081055,,,fwd_pe,0.0442190958526351,0.0654,85.5,85.25,0.2047343740929545,8.0,0.0654,-0.35044322635737846,0.0653999999999999,-0.12128110668057557,-0.30796221336115104
WRB,69.69999694824219,0.2230738436994997,0.2218480658174234,14.413006,12.478470696122272,11.527701360148155,13.532587354495142,70.99504211425781,68.92759214401245,-0.0182413465426417,0.0112060320142322,72.58548736572266,69.50276947021484,0.0413987165540792,-0.0028296626493944,76.43941497802734,62.97217559814453,,,fwd_pe,-0.0049568424518797,-0.0095999995,70.0,69.52941,0.0043042046613084,18.0,-0.0095999995,-0.13422150132163457,-0.009599999500000012,-0.07606648698802887,-0.14253297447605762
WSM,237.77000427246097,0.3411433160069038,0.4397074100209433,23.034014,13.116493374083053,8.058257742026417,17.919739917952306,232.0712777709961,201.4759870147705,0.0245559319369468,0.1801406599141248,239.37075805664065,215.9290313720703,0.0067323621794841,-0.091857561962959,251.77999877929688,168.07879638671875,,,fwd_pe,0.1585365451284348,0.0958,244.0,231.8,0.0262017732076924,17.0,0.0958,-0.4305598071580987,0.09580000000000011,-0.14010371834192226,-0.3760074366838445
WST,353.32000732421875,0.3374475561899028,0.4325790625883045,35.45695,43.61207889277297,37.0556985601717,48.45589362145779,348.12596130371094,290.1688123321533,0.0149200191822995,0.2176360529048755,365.5012512207031,327.98577880859375,0.0344765188610065,-0.0717033510428336,365.5012512207031,230.6254119873047,,,fwd_pe,0.2775333467768659,0.11229999,410.0,404.73334,0.1604211239126622,16.0,0.11229999,0.23000085717392427,0.1122999899999999,0.24021496556727362,0.36812994113454733
WTW,350.75,0.298187523101861,0.2381481962781107,15.32212,21.620140257130508,19.966715288338182,23.154955916668303,301.102297668457,297.8788512420654,0.1648864944438581,0.1774921198248138,350.75,310.0732116699219,0.0,-0.1159708861869653,350.75,241.24188232421875,,,fwd_pe,0.4183235740223938,0.152,385.0,379.94736,0.0976478973627941,21.0,0.152,0.41104104765727634,0.1519999999999999,0.3887596434505911,0.6255192869011823
WY,24.38999938964844,0.2717378636891971,0.2567323713020029,35.851303,27.922245523203976,14.244208882448705,55.121259689331055,24.353400115966796,23.969057111740113,0.0015028404045169,0.0175619039141154,25.223709106445312,22.48717498779297,0.0341824410684781,-0.0780165825942194,26.638813018798828,20.788679122924805,,,fwd_pe,0.0307726890707429,1.0536,30.0,31.27273,0.2300123309036468,11.0,0.5,-0.22116511293316243,0.5,0.3341261653001282,0.16825233060025635
WYNN,99.41000366210938,0.3390061406003011,0.347003058033861,19.256363,21.124461382284935,16.478324238258068,26.675613063156224,99.6721598815918,107.93605140686036,-0.0026301849964308,-0.0789916587981564,107.4868621826172,96.1016616821289,0.0812479451058139,-0.0332797692194579,132.12893676757812,94.13954162597656,,,fwd_pe,0.2379974868566821,0.0991,134.0,132.58421,0.3479528725847414,9.0,0.0991,0.0970120049297436,0.09909999999999997,0.15241294730914046,0.20572589461828117
XYL,114.18000030517578,0.2460963417442837,0.2388224104214887,18.281933,35.89006398196727,33.47976088400951,38.93797278848949,117.89640045166016,125.42297718048096,-0.031522592142312,-0.0896404879556221,125.3000030517578,105.9246826171875,0.0973901096239353,-0.0723009079166561,151.40963745117188,105.9246826171875,,,fwd_pe,0.4870262898348878,0.1026,159.5,153.875,0.3969171446286101,20.0,0.1026,0.5,0.10260000000000002,0.37825,0.6539000000000001
XYZ,81.37999725341797,0.4685452838387188,0.4991114038544586,15.676891,21.61951734308611,15.10416624838846,31.78928647722517,78.70899917602539,68.02524978637695,0.0339351040586748,0.1963204473188939,84.63999938964844,72.2699966430664,0.0400590101530575,-0.1119439778546925,84.63999938964844,49.09000015258789,,,fwd_pe,8.26978633709962,0.28059998,99.0,97.975,0.2165151553361841,40.0,0.28059998,0.37906918808621626,0.2805999800000001,0.5233179773409125,0.7660359746818248
YUM,157.35000610351562,0.235676661127464,0.2110784529097643,21.096397,24.51845951007244,22.786252076328736,25.58112278085349,153.31400024414063,153.8299634552002,0.0263250965531391,0.0228826853315906,161.9972381591797,152.95150756835938,0.0295343620934263,-0.0279535962157041,167.49000549316406,136.2606964111328,,,fwd_pe,-0.0606272720408134,0.1259,175.0,173.33333,0.1121702778001356,17.0,0.1259,0.1622107561813726,0.12590000000000012,0.21721654519230382,0.3085330903846075
ZBH,100.9800033569336,0.3176924570485863,0.2720060614915435,11.136772,27.126956411269585,24.7884218457719,89.99271566217595,92.88195236206056,90.52384231567385,0.0871864855220341,0.1155072605601201,103.14940643310548,86.85064697265625,0.0214834918206894,-0.1399223204056982,106.58867645263672,79.36910247802734,,,fwd_pe,1.2007912167008534,0.0625,106.0,107.57143,0.0497127795225182,27.0,0.0625,0.5,0.0625,0.328125,0.59375
ZBRA,363.2999877929687,0.496037426520285,0.4257860924047345,16.33568,37.199914563643226,31.756070940561,46.06983485182648,293.69959930419924,252.5638996887207,0.2369781526895478,0.4384478076270115,383.05999755859375,228.3999938964844,0.0543903397455809,-0.3713184652606124,383.05999755859375,199.3000030517578,,,fwd_pe,1.0384658000156717,0.0529,418.0,412.86667,0.150564310610995,16.0,0.0529,0.5,0.05289999999999995,0.316125,0.5793499999999998
ZTS,77.16999816894531,0.3739426123017317,0.3022285086731739,11.6060295,31.791846580917124,27.731911288543397,34.2466936686793,75.59865936279297,103.91735710144044,0.0207852734346993,-0.2573906773474358,81.63095092773438,73.7061996459961,0.0578068273245628,-0.0448853000536044,153.6686553955078,71.36254119873047,,,fwd_pe,0.0846867139188298,0.0639,95.5,100.625,0.2375275659709816,18.0,0.0639,0.5,0.06390000000000007,0.32987500000000014,0.59585
CCEP,110.12000274658203,0.22416774926676417,0.20294690409594549,,,,,105.1049998474121,96.22827938079834,0.047714218224161886,0.14436217144453778,111.70999908447266,89.71168518066406,0.014438760427110342,-0.18532797908553822,111.70999908447266,83.95818328857422,,,none,,0.0924,,,0.05796704589726409,,0.0924,,,,
GE,341.8399963378906,0.3273979408275993,0.3111081596671809,37.667862,24.825325293388644,10.654145564759178,29.53600170143963,359.82156860351563,319.27136383056643,-0.04997358089291959,0.07068793216074676,344.8072814941406,340.70001220703125,0.008680333454359701,-0.0033348471304468497,381.2200012207031,265.18328857421875,,,fwd_pe,,0.1468,,,0.1701380888286148,,0.1468,-0.34094148233343735,0.14680000000000004,-0.04869584596999299,-0.2441916919399859
GILD,146.74000549316406,0.26436371354185434,0.26043302035806476,14.833775,16.22265390941879,15.327007031702733,55.17514517294871,132.30300018310547,132.09046478271483,0.10912077042907553,0.11090536122003436,153.90869140625,126.9158935546875,0.04885297563533131,-0.13509684609763817,153.90869140625,108.5012435913086,,,fwd_pe,,24.3177,,,0.09036386813719766,,0.5,0.0936294981836241,0.5,0.5702221236377181,0.6404442472754361
GOOGL,348.05999755859375,0.3269988354716788,0.30548077992461226,23.500084,21.14895138533575,18.04059462310169,23.459382299502835,351.57499938964844,333.12279357910154,-0.009997871968020822,0.04483993370434236,402.3796691894531,317.69000244140625,0.1560641039242523,-0.08725505754815988,402.3796691894531,205.5037384033203,,,fwd_pe,,-0.2807,,,0.2325461213846629,,-0.2807,-0.10004783875088497,-0.28069999999999995,-0.3166822052067557,-0.3526644104135115
REGN,828.5,0.33500968436695944,0.31268262802903474,13.668875,19.292433582507524,16.035036638979513,23.470563781580296,699.8904284667968,723.5155630493164,0.18375672291295597,0.14510321866224696,840.8400268554688,730.9235229492188,0.014894419861760655,-0.1177748666877263,840.8400268554688,552.6759643554688,,,fwd_pe,,0.1319,,,-0.005431502715751324,,0.1319,0.41141341789339103,0.1318999999999999,0.3647394238567645,0.5975788477135291
TEAM,171.3300018310547,0.7710293079276845,0.5970768996309809,,,,,107.7075,107.94449996948242,0.5906970436697045,0.5872045530758152,176.0800018310547,144.55999755859375,0.02772427449504078,-0.15624819930170974,182.36000061035156,57.150001525878906,,,none,,0.2447,,,0.02142063929097615,,0.2447,,,,
UNP,309.8599853515625,0.22173445465155908,0.2136231495143634,21.890543,19.089399273886066,18.023653532329362,20.241139018933335,287.05260009765624,255.28119522094727,0.07945367938192205,0.2137987096283258,309.8599853515625,256.8800048828125,0.0,-0.1709803878311028,309.8599853515625,211.45082092285156,,,fwd_pe,,0.0845,,,0.08758799435701525,,0.0845,-0.12796136332086117,0.08450000000000002,0.015112950739263109,-0.05427409852147391
V,382.4100036621094,0.22178495183273064,0.20184434810529425,25.503063,28.126602721728865,26.77631170195164,30.24462200346447,353.49647033691406,330.8381823730469,0.08179299017508757,0.15588231358045324,382.4100036621094,332.2726135253906,0.0,-0.13110899206763238,382.4100036621094,294.36175537109375,,,fwd_pe,,0.1342,,,0.10091262249506427,,0.1342,0.10287155396702219,0.1342000000000001,0.19253845825469829,0.2508769165093967
XEL,77.33000183105469,0.19712678853069537,0.20700670967627413,17.027678,18.732592116954713,17.13380295237294,19.75706780863087,79.28154037475586,78.02812084197998,-0.024615295495981182,-0.008947018118494743,80.02359771728516,76.1953353881836,0.034832481862799636,-0.014673043010525633,82.67083740234375,69.60384368896484,,,fwd_pe,,0.1038,,,0.18970642469394128,,0.1038,0.10012604871637287,0.10380000000000011,0.15905956628656615,0.2143191325731324
